ref,amp_name,start,end,lprimer,rprimer,lseq,rseq,length,pool
LC209450.1|GII.P16_GII.2,Amp1,29,1990,gii2noro_1_LEFT,gii2noro_5_RIGHT,TGCTTGCAACAACAACAACGAC,CATGTGGGGTGTTGCCATTCTT,1961,1
LC209450.1|GII.P16_GII.2,Amp2,1540,3690,gii2noro_5_LEFT,gii2noro_10_RIGHT,TCACAGGAGATCAAAGAGTTGGACT,GTAGGCAGGCTCATATGTCCCT,2150,2
LC209450.1|GII.P16_GII.2,Amp3,2900,5104,gii2noro_9_LEFT,gii2noro_14_RIGHT,AGTGACTGGTTCGGAAATCAGAAA,AGTAGATGGAGCGGCGTCATTC,2204,1
LC209450.1|GII.P16_GII.2,Amp4,4290,6568,gii2noro_13_LEFT,gii2noro_18_RIGHT,TGGGACTCAACACAACAGAGGG,TGTCATGAAACCAGCTCTGTGG,2278,2
LC209450.1|GII.P16_GII.2,Amp5,5697,7494,gii2noro_17_LEFT,gii2noro_21_RIGHT,TGATTTCACATATCTGGTGCCACC,TAAATTTTCACCTTTTCACTAAACCTGTGA,1797,1
KC597140.1|GII.3,Amp1,0,2258,gii3noro_1_LEFT,gii3noro_5_RIGHT,ACCGCAAAATCTTCAAGTGACAGA,CCCTTGCCATCAGACTCAAGTG,2258,1
KC597140.1|GII.3,Amp2,1267,3473,gii3noro_4_LEFT,gii3noro_8_RIGHT,AGGAGAAGGCCAGGAAACTCTC,CATATGACAGTGTTTCCCCCGC,2206,2
KC597140.1|GII.3,Amp3,2918,5028,gii3noro_8_LEFT,gii3noro_12_RIGHT,GGCTGATGATGACAGAAGTGTGG,TTCATTCACAAAGCTGGGAGCC,2110,1
KC597140.1|GII.3,Amp4,4452,6756,gii3noro_12_LEFT,gii3noro_16_RIGHT,CTTCTCACTCTCTGTGCGCTCT,AGCATTAGCCCCTGCATTAACT,2304,2
KC597140.1|GII.3,Amp5,5725,7192,gii3noro_15_LEFT,gii3noro_17_RIGHT,TCTGAAATGTCTAATTCTAGGTTTCCAGT,TAACTGTAGACCCGCTGGATCG,1467,1
MG214988.1|GII.4,Amp1,0,2192,gii4noro_1_LEFT,gii4noro_6_RIGHT,GTGAATGAAAATGGCGTCTAACGA,CTCTCATTGTGTCCATCAGCCC,2192,1
MG214988.1|GII.4,Amp2,1349,3549,gii4noro_5_LEFT,gii4noro_10_RIGHT,CAACCAAATCTGCTTCACCCGA,CTTCCCTGGGTGGCACATATGA,2200,2
MG214988.1|GII.4,Amp3,2728,4887,gii4noro_9_LEFT,gii4noro_14_RIGHT,AGAGAAGAAAGGAATGGTAAGTACTCCA,TGTATGGGTCTCTGGGAGTGTG,2159,1
MG214988.1|GII.4,Amp4,4392,6603,gii4noro_14_LEFT,gii4noro_19_RIGHT,AGTTGCAGAAGACCTCCTCTCC,AATCATGTTGGCCAGTGTGAGC,2211,2
MG214988.1|GII.4,Amp5,5768,7493,gii4noro_18_LEFT,gii4noro_22_RIGHT,GTCCCAGTTTTGACTGTTGAGGA,GCTTACGAATGTGAGCGAAGAGC,1725,1
KY424344.1|GII.6,Amp1,3,1969,gii6noro_1_LEFT,gii6noro_5_RIGHT,TTGGCAGCCAAAACTCTGTCAA,GGGGTGTTGCCATTCTTGTCAA,1966,1
KY424344.1|GII.6,Amp2,1501,3718,gii6noro_5_LEFT,gii6noro_10_RIGHT,GGCTAAGAGTATCGCCAACACC,CTCATGACTTGCTGCAGGGATG,2217,2
KY424344.1|GII.6,Amp3,2864,5179,gii6noro_9_LEFT,gii6noro_14_RIGHT,CTTGGTTTGGTCACTGGCTCAG,TATTTTGTTGGCCGACGACAGG,2315,1
KY424344.1|GII.6,Amp4,4341,6683,gii6noro_13_LEFT,gii6noro_18_RIGHT,CACAAGTGGTTGCAGAGGACCT,TATTGAACTCTTCTGCGCCCCT,2342,2
KY424344.1|GII.6,Amp5,5774,7391,gii6noro_17_LEFT,gii6noro_20_RIGHT,AGACATGTTGTACACTGACCCCA,AGTCCAGGAGTCCAAAACAGCT,1617,1
KC464497.1|GII.12,Amp1,3,1999,gii12noro_1_LEFT,gii12noro_5_RIGHT,AAGATGGCCTCTAACGACGCTT,GTGGGGTGTTGCCGTTCTTATC,1996,1
KC464497.1|GII.12,Amp2,1504,3537,gii12noro_5_LEFT,gii12noro_9_RIGHT,GGAAGACCCATCTTGCCAGAGA,ACAGATGACAGTGTTCCCTCCG,2033,2
KC464497.1|GII.12,Amp3,2998,5025,gii12noro_9_LEFT,gii12noro_13_RIGHT,GTGTCGATTACAATGAAAAGCTCAGT,CCATCGAAACATTGGCTCTTGC,2027,1
KC464497.1|GII.12,Amp4,4564,6539,gii12noro_13_LEFT,gii12noro_17_RIGHT,TCATCCAAGCAAACTCACTCTTCT,TTGCTTCAAATAGGACACGCCC,1975,2
KC464497.1|GII.12,Amp5,6011,7471,gii12noro_17_LEFT,gii12noro_20_RIGHT,ACGGAACCCCTTTTGATCCAAC,AAACTTGTGACTCCCCTCTCCG,1460,1
KY947548.1|GII.P16_GII.13,Amp1,0,2140,gii13noro_1_LEFT,gii13noro_6_RIGHT,TGAATGAAGATGGCGTCTAACGA,CAGCGATTCTGTTCCGGTCAAA,2140,1
KY947548.1|GII.P16_GII.13,Amp2,1309,3533,gii13noro_5_LEFT,gii13noro_10_RIGHT,TGAAAACACTAGACATGGAGGAGGA,GCACAGATGACGGTGTTTCCAC,2224,2
KY947548.1|GII.P16_GII.13,Amp3,3006,5175,gii13noro_10_LEFT,gii13noro_15_RIGHT,GAGAAACTGGACTTTGAGGCCC,ACGGGTTCCAATGGCATAGTCT,2169,1
KY947548.1|GII.P16_GII.13,Amp4,4378,6490,gii13noro_14_LEFT,gii13noro_19_RIGHT,TGGCACAAATAGTCGCTGAGGA,GGAGGGAGCAGCCTCTTGATAA,2112,2
KY947548.1|GII.P16_GII.13,Amp5,5691,7376,gii13noro_18_LEFT,gii13noro_22_RIGHT,TAGGCCAACCCCTGACTTTGAA,ACAGGTGTCCAGGAGTCCAAAA,1685,1
GU594162.1|GII.14,Amp1,1,1929,gii14noro_1_LEFT,gii14noro_5_RIGHT,TGAATGAAGATGGCGTCTAACCG,TCTTTCCACATGTCAGGTTGGC,1928,1
GU594162.1|GII.14,Amp2,1421,3421,gii14noro_5_LEFT,gii14noro_9_RIGHT,CTGCTGCCAGATCCCTTCTACA,GCCAAGATCCATGTTCTTCGCA,2000,2
GU594162.1|GII.14,Amp3,2908,5175,gii14noro_9_LEFT,gii14noro_14_RIGHT,TTAGTCACCGGCACAGACATCA,CGACGGGTTCAAGAGCCATAAC,2267,1
GU594162.1|GII.14,Amp4,4350,6585,gii14noro_13_LEFT,gii14noro_18_RIGHT,GGTGCGATTTTCTGCTGAACCA,TAGGGTGATCTCCAGATGCTGC,2235,2
GU594162.1|GII.14,Amp5,5747,7482,gii14noro_17_LEFT,gii14noro_21_RIGHT,ACTAAGAATTTCACCCTTCCCGTT,TAAATCTGTGACTCCCCTCGCC,1735,1
KP998539.1|GII.17,Amp1,1,2134,gii17noro_1_LEFT,gii17noro_6_RIGHT,TGAATGAAGATGGCGTCTAACGA,GCGGTCAAAATTGAAGGTTGGC,2133,1
KP998539.1|GII.17,Amp2,1302,3494,gii17noro_5_LEFT,gii17noro_10_RIGHT,CCTGGCCACATACATGAGGACT,CCACAAGGTCATTGCCCCTTTT,2192,2
KP998539.1|GII.17,Amp3,3002,5133,gii17noro_10_LEFT,gii17noro_15_RIGHT,GGAGCGTGGATTACAATGAGAGG,CATCATTAGATGGAGCGGCGTC,2131,1
KP998539.1|GII.17,Amp4,4296,6498,gii17noro_14_LEFT,gii17noro_19_RIGHT,TGATGCTGATTACTCCCGCTGG,GGGAGGGTGCTGATTCCTGATA,2202,2
KP998539.1|GII.17,Amp5,6029,7454,gii17noro_19_LEFT,gii17noro_22_RIGHT,GACCCAACTGATGATGTGCCAG,GCGGCTGTCTGTGTGTGTTAAA,1425,1
KX079488.1|GII.21,Amp1,0,1977,gii21noro_1_LEFT,gii21noro_5_RIGHT,GTGAATGAAGATGGCGTCTAACGA,TCAAAACCTCCTTGTGGGGCTA,1977,1
KX079488.1|GII.21,Amp2,1462,3704,gii21noro_5_LEFT,gii21noro_10_RIGHT,CGACCGGTCGTTGTGATGATTT,AAGCTGGTTCATAGGTTCCGGG,2242,2
KX079488.1|GII.21,Amp3,2869,5124,gii21noro_9_LEFT,gii21noro_14_RIGHT,AGACCAACAAGAAAGCAACGCA,CATCATTAGATGGAGCGGCGTC,2255,1
KX079488.1|GII.21,Amp4,4268,6564,gii21noro_13_LEFT,gii21noro_18_RIGHT,CCAGATACAGATACCATTATGATGCAGA,GCCTATGCAGTTTGGCCTCAAA,2296,2
KX079488.1|GII.21,Amp5,5693,7473,gii21noro_17_LEFT,gii21noro_21_RIGHT,ACCAGACCTACTCCGGACTTTG,TCTTTTCACTAGGCTTGTGACTCC,1780,1
KJ196292.1|GI,Amp1,15,2220,ginoro_31-40_1_LEFT,ginoro_31-40_7_RIGHT,GTCTAACGACGCTATTGCCGTT,TTTCCAAATGGTGTGTTGCCCT,2205,1
KJ196292.1|GI,Amp2,1497,3429,ginoro_31-40_6_LEFT,ginoro_31-40_11_RIGHT,AGATAAGAAATTGGCCAGAACTTACATG,GGTGGTATGACATGGGTTGTGG,1932,2
KJ196292.1|GI,Amp3,2751,5085,ginoro_31-40_10_LEFT,ginoro_31-40_17_RIGHT,CAAGCACAAAGAGCACAACTGC,CCCTGGTATCCAATGGCATCCT,2334,1
KJ196292.1|GI,Amp4,4396,6575,ginoro_31-40_16_LEFT,ginoro_31-40_22_RIGHT,GTGTACACAAAAATCAAAAAGAGACTGCT,TTTGTGTCCATCACTGACGGGT,2179,2
KJ196292.1|GI,Amp5,5905,7668,ginoro_31-40_21_LEFT,ginoro_31-40_26_RIGHT,TGACAACACACCAACCATGAGG,TTACCCCTGTTCGCGAATAAGG,1763,1
KP407451.1|GI,Amp1,16,2118,ginoro_1-10_1_LEFT,ginoro_1-10_7_RIGHT,TCGAAAGACGTCGTTGCGACTA,CAATCTTTCAGTGCCGACGTGT,2102,1
KP407451.1|GI,Amp2,1379,3468,ginoro_1-10_6_LEFT,ginoro_1-10_12_RIGHT,TCTTTGGTGGGGATCAGACTGA,GTGAATTCTCCGGCCCTATGGA,2089,2
KP407451.1|GI,Amp3,2821,4922,ginoro_1-10_11_LEFT,ginoro_1-10_17_RIGHT,GGACTATGTGAGACTGAGGAGGA,CCTGTGTCAATTTTGCTGGGTC,2101,1
KP407451.1|GI,Amp4,4238,6390,ginoro_1-10_16_LEFT,ginoro_1-10_22_RIGHT,GCACCGCCTTCATTAGAGAGTT,ATGGGTCCCGATCTTGAGTCTG,2152,2
KP407451.1|GI,Amp5,5698,7656,ginoro_1-10_21_LEFT,ginoro_1-10_27_RIGHT,CAACGCCTTCACAGCTGGAAAG,ATTAAAACCAAATCTGAATATGGTGCCCA,1958,1
KF429774.1|GI,Amp1,16,2132,ginoro_11-20_1_LEFT,ginoro_11-20_7_RIGHT,AAAGACGTCGTTCCTACTGCTG,GTGAGAAATCGGGCTTGAAGCA,2116,1
KF429774.1|GI,Amp2,1450,3584,ginoro_11-20_6_LEFT,ginoro_11-20_12_RIGHT,ACATCAGTGACTCAGCTCGTGA,GTAGTTCACCCGAATCCCGTTT,2134,2
KF429774.1|GI,Amp3,2860,4974,ginoro_11-20_11_LEFT,ginoro_11-20_17_RIGHT,ATGGTACCAAGTGATGCCGTCC,GGTCCTTCTGTTTTGTCAGGCC,2114,1
KF429774.1|GI,Amp4,4289,6424,ginoro_11-20_16_LEFT,ginoro_11-20_22_RIGHT,TGTATGAGAATGCTAAACATATGAAACCCA,CCAAGATGGGGGACAAAAGTGT,2135,2
KF429774.1|GI,Amp5,5800,7570,ginoro_11-20_21_LEFT,ginoro_11-20_26_RIGHT,TGCTGATGTTAGGACTCTAGACCC,TGCGAATAATGGCAACCTGTCTG,1770,1
KF039730.1|GI,Amp1,18,2213,ginoro_21-30_1_LEFT,ginoro_21-30_7_RIGHT,GACGTCGTTCCTACTGCTGCTA,GTGGGCTTCATCACACCCTTAC,2195,1
KF039730.1|GI,Amp2,1547,3660,ginoro_21-30_6_LEFT,ginoro_21-30_12_RIGHT,GAATGCCGACCCACACGTAGTA,CATCCCTGATTGGCCATGGACA,2113,2
KF039730.1|GI,Amp3,2950,5095,ginoro_21-30_11_LEFT,ginoro_21-30_17_RIGHT,GCCGTGGTCTGAGTGATGAAGA,GGGTCCAGAAGATTTGGCGTTC,2145,1
KF039730.1|GI,Amp4,4431,6709,ginoro_21-30_16_LEFT,ginoro_21-30_23_RIGHT,GCTTTTGGCCCATTTTGTGACG,AGTAGGGGCTTGTTCACTAGCA,2278,2
KF039730.1|GI,Amp5,6048,7569,ginoro_21-30_22_LEFT,ginoro_21-30_26_RIGHT,ACTCCCAAATCTGCCATTGAGTT,TGCGAATAATGGCAACCTGTCT,1521,1
