Primer Name,Sequence,Pool,Length,Tm,GC%,Start,End
gii3noro_1_LEFT,ACCGCAAAATCTTCAAGTGACAGA,1,24,61.22,41.67,0,24
gii3noro_1_RIGHT,TTGTCAAAGGCTGTGTAGGGGA,1,22,61.56,50.00,551,529
gii3noro_2_LEFT,CATAAACCACCAGCCGCCATTA,2,22,61.27,50.00,399,421
gii3noro_2_RIGHT,GGGTCCTTGCAACTCGTAGTCA,2,22,62.24,54.55,939,917
gii3noro_3_LEFT,TCCTCAATATTTTGGCCTCATGTGA,1,25,60.58,40.00,787,812
gii3noro_3_RIGHT,GACAACAGGTCTTGGTCTGCTG,1,22,61.38,54.55,1413,1391
gii3noro_4_LEFT,AGGAGAAGGCCAGGAAACTCTC,2,22,61.42,54.55,1267,1289
gii3noro_4_RIGHT,GCGTTCTTCCACATGTCAGGTT,2,22,61.39,50.00,1859,1837
gii3noro_5_LEFT,TCACCACTAATCTGGCCAACCC,1,22,62.28,54.55,1708,1730
gii3noro_5_RIGHT,CCCTTGCCATCAGACTCAAGTG,1,22,61.20,54.55,2258,2236
gii3noro_6_LEFT,GGGTTGATGGACACGATGAGAG,2,22,60.74,54.55,2109,2131
gii3noro_6_RIGHT,GCCGTTTCTTTCATCTCTGATCCT,2,24,60.92,45.83,2685,2661
gii3noro_7_LEFT,GAGGAGCTCGTCATTTCATCCG,1,22,61.11,54.55,2529,2551
gii3noro_7_RIGHT,CTGGGGTATGACATGGGTTGATG,1,23,61.00,52.17,3069,3046
gii3noro_8_LEFT,GGCTGATGATGACAGAAGTGTGG,2,23,61.48,52.17,2918,2941
gii3noro_8_RIGHT,CATATGACAGTGTTTCCCCCGC,2,22,61.58,54.55,3473,3451
gii3noro_9_LEFT,CTCCTGACAGGATCCAACGCTA,1,22,61.53,54.55,3327,3349
gii3noro_9_RIGHT,GCTGGAAGTGGTCTTGTCAAGG,1,22,61.39,54.55,3867,3845
gii3noro_10_LEFT,TGAAACCATTCACAGAGCCCAG,2,22,60.82,50.00,3709,3731
gii3noro_10_RIGHT,CTGCGACTACCTGAGCCAAATG,2,22,61.57,54.55,4339,4317
gii3noro_11_LEFT,TCGGATCTAGCGACCATGATCC,1,22,61.46,54.55,4068,4090
gii3noro_11_RIGHT,CTTCAGCCCGTATTCCTTGAGT,1,22,60.09,50.00,4614,4592
gii3noro_12_LEFT,CTTCTCACTCTCTGTGCGCTCT,2,22,62.03,54.55,4452,4474
gii3noro_12_RIGHT,TTCATTCACAAAGCTGGGAGCC,2,22,61.40,50.00,5028,5006
gii3noro_13_LEFT,AGCAAGATCAGTAAGCTAGTCATTGC,1,26,61.40,42.31,4875,4901
gii3noro_13_RIGHT,ATTACATGCGGGCACATTGTGA,1,22,61.20,45.45,5457,5435
gii3noro_14_LEFT,AGAATGTATAATGGTTATGCAGGTGGA,2,27,60.42,37.04,5302,5329
gii3noro_14_RIGHT,GCGCAGATTTGACTCGGTAAGA,2,22,60.99,50.00,5877,5855
gii3noro_15_LEFT,TCTGAAATGTCTAATTCTAGGTTTCCAGT,1,29,60.49,34.48,5725,5754
gii3noro_15_RIGHT,CTCACCAGGGAAGTTAGGAGCA,1,22,61.42,54.55,6337,6315
gii3noro_16_LEFT,TGAAAACAAACCAACCAGATTCACC,2,25,60.63,40.00,6189,6214
gii3noro_16_RIGHT,AGCATTAGCCCCTGCATTAACT,2,22,60.09,45.45,6756,6734
gii3noro_17_LEFT,GGTGAACCCCTTTTACACACTTGC,1,24,62.52,50.00,6609,6633
gii3noro_17_RIGHT,TAACTGTAGACCCGCTGGATCG,1,22,61.58,54.55,7192,7170
gii3noro_17_LEFT,GGTGAACCCCTTTTACACACTTGC,1,24,62.52,50.00,6609,6633
gii3noro_17_RIGHT,TAACTGTAGACCCGCTGGATCG,1,22,61.58,54.55,7192,7170
gii17noro_1_LEFT,TGAATGAAGATGGCGTCTAACGA,1,23,60.12,43.48,1,24
gii17noro_1_RIGHT,TTTGTGTACTCCGAGCACATGC,1,22,61.44,50.00,475,453
gii17noro_2_LEFT,CCTGACGCACAAAACACAGCTT,2,22,62.40,50.00,313,335
gii17noro_2_RIGHT,AGTGAAGAGTGAGGAGAGAGCG,2,22,61.20,54.55,814,792
gii17noro_3_LEFT,GACCTCAACGACTCCTGGCTTA,1,22,61.72,54.55,652,674
gii17noro_3_RIGHT,CTAAGTGTGGTCGCAGCTGATG,1,22,61.56,54.55,1122,1100
gii17noro_4_LEFT,GCGATGATTGCTCCCTTACTCG,2,22,61.43,54.55,964,986
gii17noro_4_RIGHT,AGAGCTCCTCCTTAGCCTTGTG,2,22,61.48,54.55,1460,1438
gii17noro_5_LEFT,CCTGGCCACATACATGAGGACT,1,22,61.82,54.55,1302,1324
gii17noro_5_RIGHT,TGGGTTTGCAAGGTTGGTTGTT,1,22,61.68,45.45,1801,1779
gii17noro_6_LEFT,TGGTATGAGCAACCCTATACAGGA,2,24,60.64,45.83,1653,1677
gii17noro_6_RIGHT,GCGGTCAAAATTGAAGGTTGGC,2,22,61.43,50.00,2134,2112
gii17noro_7_LEFT,GGGAGGTTTTGACAAAAATGGCA,1,23,60.43,43.48,1974,1997
gii17noro_7_RIGHT,GCACCAGCAATTTGGAGTAGAGA,1,23,60.87,47.83,2478,2455
gii17noro_8_LEFT,GGGGCAAGGTTGTGGTTGAAAA,2,22,62.06,50.00,2324,2346
gii17noro_8_RIGHT,TCCTCCTCACAGAAGTCCTCCT,2,22,61.65,54.55,2850,2828
gii17noro_9_LEFT,TTCCAAGGGCCTCAGTGATGAA,1,22,61.63,50.00,2691,2713
gii17noro_9_RIGHT,TCCAAAGGCCTCAGTGATTCCT,1,22,61.37,50.00,3160,3138
gii17noro_10_LEFT,GGAGCGTGGATTACAATGAGAGG,2,23,61.05,52.17,3002,3025
gii17noro_10_RIGHT,CCACAAGGTCATTGCCCCTTTT,2,22,61.61,50.00,3494,3472
gii17noro_11_LEFT,AATGGGGACTCATGCCACAATG,1,22,61.22,50.00,3336,3358
gii17noro_11_RIGHT,TCCCTCTGGGCTCTGTAAAAGG,1,22,61.43,54.55,3806,3784
gii17noro_12_LEFT,AATTCTGGAGATCCTCTAACGCAC,2,24,60.44,45.83,3659,3683
gii17noro_12_RIGHT,GTCAGAACCCCACAGGAGTCTT,2,22,61.62,54.55,4144,4122
gii17noro_13_LEFT,ACAGGAAAACTTGCAGATCAGGC,1,23,61.62,47.83,3988,4011
gii17noro_13_RIGHT,GCCAGATGGTAGGCCTTCATTG,1,22,61.33,54.55,4483,4461
gii17noro_14_LEFT,TGATGCTGATTACTCCCGCTGG,2,22,62.44,54.55,4296,4318
gii17noro_14_RIGHT,ACTTTCCAAACCAACCTGCTGG,2,22,61.54,50.00,4796,4774
gii17noro_15_LEFT,GACCCAGAGAAATTGACCGCAA,1,22,61.13,50.00,4639,4661
gii17noro_15_RIGHT,CATCATTAGATGGAGCGGCGTC,1,22,61.49,54.55,5133,5111
gii17noro_16_LEFT,AGGGAGGAATGGATTTTTATGTGCC,2,25,61.40,44.00,4982,5007
gii17noro_16_RIGHT,GGGCTGGGCTTAAGAATTCCAC,2,22,61.53,54.55,5502,5480
gii17noro_17_LEFT,CCCTTATTTGGCTCATTTGTCAAGG,1,25,60.63,44.00,5350,5375
gii17noro_17_RIGHT,TGCAACACATTATTCTGGGCGG,1,22,61.78,50.00,5866,5844
gii17noro_18_LEFT,GGCCTACTCCTGATTTTGAGTTCA,2,24,60.57,45.83,5706,5730
gii17noro_18_RIGHT,TGGGGACAAATTGGGGGCTATA,2,22,61.18,50.00,6186,6164
gii17noro_19_LEFT,GACCCAACTGATGATGTGCCAG,1,22,61.52,54.55,6029,6051
gii17noro_19_RIGHT,GGGAGGGTGCTGATTCCTGATA,1,22,61.29,54.55,6498,6476
gii17noro_20_LEFT,CCCCAGTTGCTCCAAATTTTCCT,2,23,61.58,47.83,6351,6374
gii17noro_20_RIGHT,GCTGAAAGGAAGCAGACTGGAG,2,22,61.19,54.55,6857,6835
gii17noro_21_LEFT,GAAGGAGGGCTCAGTAATGGCT,1,22,61.82,54.55,6699,6721
gii17noro_21_RIGHT,GAAGGAGCTAGAGACCTAGGCT,1,22,60.16,54.55,7152,7130
gii17noro_22_LEFT,CAAAGGTGCTTGACTGGTCTGG,2,22,61.65,54.55,6998,7020
gii17noro_22_RIGHT,GCGGCTGTCTGTGTGTGTTAAA,2,22,61.88,50.00,7454,7432
gii13noro_1_LEFT,TGAATGAAGATGGCGTCTAACGA,1,23,60.12,43.48,0,23
gii13noro_1_RIGHT,GGTTTGTGCACACCCAACACTA,1,22,61.53,50.00,470,448
gii13noro_2_LEFT,AACAGTCCCTCAACCGGATGTG,2,22,62.51,54.55,293,315
gii13noro_2_RIGHT,ACAACGTGGACAATGAGCACAG,2,22,61.63,50.00,802,780
gii13noro_3_LEFT,GACTCATGGCTTAGCAGGAGGA,1,22,61.54,54.55,654,676
gii13noro_3_RIGHT,GTTGATGCTGCTGAGGACAACA,1,22,61.39,50.00,1109,1087
gii13noro_4_LEFT,TGTGTCTGCTATGATCGCTCCT,2,22,61.27,50.00,950,972
gii13noro_4_RIGHT,TGCTAGACAACTCCTCCTTGGC,2,22,62.00,54.55,1459,1437
gii13noro_5_LEFT,TGAAAACACTAGACATGGAGGAGGA,1,25,61.23,44.00,1309,1334
gii13noro_5_RIGHT,GGATTGGCGAGGTTTGTTGTGA,1,22,61.65,50.00,1793,1771
gii13noro_6_LEFT,GCATGAGCAACCCCATTCATGA,2,22,61.53,50.00,1648,1670
gii13noro_6_RIGHT,CAGCGATTCTGTTCCGGTCAAA,2,22,61.44,50.00,2140,2118
gii13noro_7_LEFT,ACCCCACATGGAAAAGGAGTGA,1,22,61.57,50.00,1992,2014
gii13noro_7_RIGHT,ATGTTCATGCGGCGTACTATGC,1,22,61.69,50.00,2510,2488
gii13noro_8_LEFT,ACACCTCCGTACAGACCAACAA,2,22,61.54,50.00,2347,2369
gii13noro_8_RIGHT,GAAGTCTTCTTCCGTGGCCTTG,2,22,61.44,54.55,2826,2804
gii13noro_9_LEFT,TACTGCATTCTCTAGCAAGGGC,1,22,60.16,50.00,2666,2688
gii13noro_9_RIGHT,CCTGGATTTGCTTGATGGGGAC,1,22,61.53,54.55,3169,3147
gii13noro_10_LEFT,GAGAAACTGGACTTTGAGGCCC,2,22,61.14,54.55,3006,3028
gii13noro_10_RIGHT,GCACAGATGACGGTGTTTCCAC,2,22,62.25,54.55,3533,3511
gii13noro_11_LEFT,GGGTATGTTGCTCACTGGTTCA,1,22,60.55,50.00,3377,3399
gii13noro_11_RIGHT,TTTGGCTGCTTCCAACACACTT,1,22,61.47,45.45,3828,3806
gii13noro_12_LEFT,TTTTGGAGGTCATCGAACACGC,2,22,61.69,50.00,3648,3670
gii13noro_12_RIGHT,CTCATCCATGAGCCCACCAAAG,2,22,61.27,54.55,4182,4160
gii13noro_13_LEFT,GACACCAGTGTATACAGCAGCC,1,22,61.00,54.55,4037,4059
gii13noro_13_RIGHT,TTTGGTGACTTCAGACAAGGCG,1,22,61.32,50.00,4545,4523
gii13noro_14_LEFT,TGGCACAAATAGTCGCTGAGGA,2,22,61.99,50.00,4378,4400
gii13noro_14_RIGHT,TGTCTCGTTGGGGTCTTCATGA,2,22,61.35,50.00,4854,4832
gii13noro_15_LEFT,GACCCCTGATCATCAGTGAGGA,1,22,60.96,54.55,4696,4718
gii13noro_15_RIGHT,ACGGGTTCCAATGGCATAGTCT,1,22,61.75,50.00,5175,5153
gii13noro_16_LEFT,AGGTTTTCTGACTTGAGCACGTG,2,23,61.54,47.83,5022,5045
gii13noro_16_RIGHT,TCTACAGGAAAGTTGGGTGGGA,2,22,60.70,50.00,5472,5450
gii13noro_17_LEFT,GGACCAGATTTGAATCCTTATTTGGC,1,26,60.68,42.31,5323,5349
gii13noro_17_RIGHT,ATTTGGGGCCGTATACAGTTGC,1,22,61.27,50.00,5842,5820
gii13noro_18_LEFT,TAGGCCAACCCCTGACTTTGAA,2,22,61.57,50.00,5691,5713
gii13noro_18_RIGHT,TTGGGGTGAATCTTCCACTGGT,2,22,61.57,50.00,6176,6154
gii13noro_19_LEFT,ACTGATGAAGTACCAGCACCCT,1,22,61.09,50.00,6025,6047
gii13noro_19_RIGHT,GGAGGGAGCAGCCTCTTGATAA,1,22,61.55,54.55,6490,6468
gii13noro_20_LEFT,AAACACCAATTTGGCACCTGCT,2,22,61.81,45.45,6321,6343
gii13noro_20_RIGHT,TGATTGATGGCATTGGCTCCTG,2,22,61.27,50.00,6800,6778
gii13noro_21_LEFT,AATTCTACTCACTCGCCCCCAT,1,22,61.23,50.00,6653,6675
gii13noro_21_RIGHT,CGCTGAGATGAATTGGAAGGGG,1,22,61.33,54.55,7124,7102
gii13noro_22_LEFT,TTAAGCATGGGGTTTTGACCGC,2,22,61.98,50.00,6916,6938
gii13noro_22_RIGHT,ACAGGTGTCCAGGAGTCCAAAA,2,22,61.50,50.00,7376,7354
gii4noro_1_LEFT,GTGAATGAAAATGGCGTCTAACGA,1,24,60.14,41.67,0,24
gii4noro_1_RIGHT,GGGGTGTATACAGGTCTCCAGAA,1,23,60.88,52.17,540,517
gii4noro_2_LEFT,ACTGGAACAATCATTGAAATGTGGGA,2,26,61.43,38.46,379,405
gii4noro_2_RIGHT,CCTGCGAAGGTCCAATCACATG,2,22,61.83,54.55,888,866
gii4noro_3_LEFT,AACCCCTCCCCACTATGGATGA,1,22,62.35,54.55,725,747
gii4noro_3_RIGHT,TTGCCTCGAGGTCTAGTACTGC,1,22,61.52,54.55,1250,1228
gii4noro_4_LEFT,GAGAAGATCGGAAAGATGCTGTCA,2,24,60.68,45.83,1069,1093
gii4noro_4_RIGHT,CTGGCAAGGTGAGTTTTCCCTA,2,22,60.22,50.00,1521,1499
gii4noro_5_LEFT,CAACCAAATCTGCTTCACCCGA,1,22,61.39,50.00,1349,1371
gii4noro_5_RIGHT,CTCGAGCACGCTTCAAAGTTGA,1,22,61.68,50.00,1830,1808
gii4noro_6_LEFT,CTTAGGTTGCAGGAGCTTGCTG,2,22,61.77,54.55,1672,1694
gii4noro_6_RIGHT,CTCTCATTGTGTCCATCAGCCC,2,22,61.00,54.55,2192,2170
gii4noro_7_LEFT,CCGAGCATCAGGGTTACTCCAT,1,22,61.87,54.55,2043,2065
gii4noro_7_RIGHT,TGTGGCTTGGACCAGAGATTCT,1,22,61.36,50.00,2532,2510
gii4noro_8_LEFT,CCTACACCACCTAAGATGCGCT,2,22,62.12,54.55,2382,2404
gii4noro_8_RIGHT,TGCGTTGTTTCCTTGTTGGTCT,2,22,61.20,45.45,2891,2869
gii4noro_9_LEFT,AGAGAAGAAAGGAATGGTAAGTACTCCA,1,28,61.39,39.29,2728,2756
gii4noro_9_RIGHT,CCGTCACATCGGTTCTGATTGG,1,22,61.56,54.55,3236,3214
gii4noro_10_LEFT,GGTCTCCCCCAGTCTGTTTATAAC,2,24,60.38,50.00,3084,3108
gii4noro_10_RIGHT,CTTCCCTGGGTGGCACATATGA,2,22,62.09,54.55,3549,3527
gii4noro_11_LEFT,ACAGGATCCAACGCCAAGAGTA,1,22,61.41,50.00,3394,3416
gii4noro_11_RIGHT,GTTTTGTCAAGGGATGCGCAAG,1,22,61.18,50.00,3918,3896
gii4noro_12_LEFT,GACCAGCTGAAGCCATTCACAG,2,22,61.77,54.55,3763,3785
gii4noro_12_RIGHT,GGGGCCATCCTCATTCATGTTC,2,22,61.34,54.55,4249,4227
gii4noro_13_LEFT,TGGTAAGGTCAAGAAGAGGCTTCT,1,24,61.25,45.83,4098,4122
gii4noro_13_RIGHT,TCCGTGACTTCAGAGAGTGCAC,1,22,62.22,54.55,4548,4526
gii4noro_14_LEFT,AGTTGCAGAAGACCTCCTCTCC,2,22,61.41,54.55,4392,4414
gii4noro_14_RIGHT,TGTATGGGTCTCTGGGAGTGTG,2,22,61.15,54.55,4887,4865
gii4noro_15_LEFT,ACATTCCTCCGGAGAACTGTGA,1,22,61.09,50.00,4735,4757
gii4noro_15_RIGHT,ACATTTTGTTGGCCCGCTACAG,1,22,61.97,50.00,5224,5202
gii4noro_16_LEFT,TTGTGAATGAAGATGGCGTCGA,2,22,60.61,45.45,5078,5100
gii4noro_16_RIGHT,CGGGTAAGGGAATCAACACAGG,2,22,60.94,54.55,5562,5540
gii4noro_17_LEFT,CAGGTGGTTTTGAAGTGCAGGT,1,22,61.53,50.00,5382,5404
gii4noro_17_RIGHT,TGTTGACAGGAGACAGTTGGGT,1,22,61.49,50.00,5931,5909
gii4noro_18_LEFT,GTCCCAGTTTTGACTGTTGAGGA,2,23,60.68,47.83,5768,5791
gii4noro_18_RIGHT,CCAACTGGGGTGAACTTTGTGT,2,22,61.21,50.00,6244,6222
gii4noro_19_LEFT,CAAACCACAAGGACAGATGGCT,1,22,61.08,50.00,6089,6111
gii4noro_19_RIGHT,AATCATGTTGGCCAGTGTGAGC,1,22,61.72,50.00,6603,6581
gii4noro_20_LEFT,TGGGTGCAGTACTTCTACCAGG,2,22,61.41,54.55,6452,6474
gii4noro_20_RIGHT,GAACCCACCCTCTAGGAGCATT,2,22,61.49,54.55,6979,6957
gii4noro_21_LEFT,CAAGCATCCTTCCAATTTAGCAGC,1,24,60.97,45.83,6832,6856
gii4noro_21_RIGHT,GATCCTCAACCCAGCTCCTAGT,1,22,60.96,54.55,7316,7294
gii4noro_22_LEFT,ATGACAAAAGCCTTGGACTGGAG,2,23,61.06,47.83,7018,7041
gii4noro_22_RIGHT,GCTTACGAATGTGAGCGAAGAGC,2,23,62.34,52.17,7493,7470
giiUGnoro_1_LEFT,GCGACAACACCAATGGCAATGA,1,22,62.53,50.00,41,63
giiUGnoro_1_RIGHT,GTGGGGTTAACTCAATGGTGGC,1,22,61.72,54.55,503,481
giiUGnoro_2_LEFT,GAAGATGGACCTGCAATGGAGC,2,22,61.58,54.55,346,368
giiUGnoro_2_RIGHT,GTCCAATCACATGATGCCAGCA,2,22,61.53,50.00,873,851
giiUGnoro_3_LEFT,ACCCTATCAGGTCTGGAACAGG,1,22,60.89,54.55,696,718
giiUGnoro_3_RIGHT,GCCTTGGGGAAGAACCATTTCA,1,22,61.09,50.00,1179,1157
giiUGnoro_4_LEFT,GGAGCTTGTGCCCATACTCATG,2,22,61.33,54.55,1008,1030
giiUGnoro_4_RIGHT,GCCATGTGTGTCTTCCCAATCC,2,22,61.78,54.55,1512,1490
giiUGnoro_5_LEFT,TCAGCATCTCCTGACATAGTGGG,1,23,61.51,52.17,1351,1374
giiUGnoro_5_RIGHT,TCTTAGCCTTCTCCACGTCAGG,1,22,61.47,54.55,1877,1855
giiUGnoro_6_LEFT,ACAGGATAGAAAACAAAGGAAAGATGTTT,2,29,60.18,31.03,1715,1744
giiUGnoro_6_RIGHT,CCCCCACTCTCATTGTCTCCAT,2,22,61.50,54.55,2192,2170
giiUGnoro_7_LEFT,GCACGTGTTCTAGGGTTAGTCC,1,22,60.67,54.55,2035,2057
giiUGnoro_7_RIGHT,TGTGAATTTCCGCGTGATCCTT,1,22,60.87,45.45,2500,2478
giiUGnoro_8_LEFT,GGTTGTCCAGTCCAGAAACACC,2,22,61.33,54.55,2343,2365
giiUGnoro_8_RIGHT,CGCTGCTTCTTGCTTGGTCTAA,2,22,61.44,50.00,2868,2846
giiUGnoro_9_LEFT,TCAGGGAGGAAAGAAATGGTAAGTACT,1,27,61.41,40.74,2705,2732
giiUGnoro_9_RIGHT,GATCTGTGGACCTGGATCTGCT,1,22,61.55,54.55,3162,3140
giiUGnoro_10_LEFT,ATTTTGAGGCACCCCCAAGTGT,2,22,62.71,50.00,2999,3021
giiUGnoro_10_RIGHT,AGCCACCACATAGTCGTTACCT,2,22,61.15,50.00,3469,3447
giiUGnoro_11_LEFT,ACGATGAAGATACAAGGGCGGA,1,22,61.54,50.00,3322,3344
giiUGnoro_11_RIGHT,CCTCTGGGTTCTGTAAAGGGCT,1,22,61.69,54.55,3774,3752
giiUGnoro_12_LEFT,AACTCAGCACCAAAACCAAATTCTG,2,25,60.91,40.00,3611,3636
giiUGnoro_12_RIGHT,CCCAAAGGAGCCGTTTCTTGAT,2,22,61.14,50.00,4106,4084
giiUGnoro_13_LEFT,GGAAGAACGACCACTGGAATGG,1,22,61.19,54.55,3926,3948
giiUGnoro_13_RIGHT,TTCCACTGTGATGTGCAAGGGA,1,22,62.15,50.00,4476,4454
giiUGnoro_14_LEFT,GATCATGGTTCGCTTCTCACCC,2,22,61.32,54.55,4329,4351
giiUGnoro_14_RIGHT,ATAGGGGTCATCATGGTTGGGC,2,22,62.17,54.55,4831,4809
giiUGnoro_15_LEFT,GAGGGGCCACTAGTCATTAGCA,1,22,61.55,54.55,4675,4697
giiUGnoro_15_RIGHT,TCTCATTGGTGACCTCTGGGAC,1,22,61.42,54.55,5139,5117
giiUGnoro_16_LEFT,GGCCATGTTTAGGTGGATGAGG,2,22,61.01,54.55,4986,5008
giiUGnoro_16_RIGHT,GTGGAACGGCAGCAAAGATGAT,2,22,61.77,50.00,5439,5417
giiUGnoro_17_LEFT,AGGTTTTACTAAATTTGGAATTAGGCCCT,1,29,61.37,34.48,5283,5312
giiUGnoro_17_RIGHT,CTCAGACAAGGTAAGCTGGGGA,1,22,61.42,54.55,5771,5749
giiUGnoro_18_LEFT,TGAGAGCCAATAGCCCAACTGA,2,22,61.42,50.00,5619,5641
giiUGnoro_18_RIGHT,GTCCCAATAAAGTCAGGTGCCC,2,22,61.21,54.55,6115,6093
giiUGnoro_19_LEFT,AAGAGGAAGAGGAAGAGGGGGA,1,22,61.66,54.55,5964,5986
giiUGnoro_19_RIGHT,CCACTCTTGGGGCAAAAGACAA,1,22,61.28,50.00,6485,6463
giiUGnoro_20_LEFT,CACATTATGCAGGGGAGCTCAC,2,22,61.33,54.55,6330,6352
giiUGnoro_20_RIGHT,GTGAGCCAAGTCCAGAACTAAACA,2,24,60.98,45.83,6797,6773
giiUGnoro_21_LEFT,GCCTCCAAACGGCTATTTTAGGT,1,23,61.18,47.83,6640,6663
giiUGnoro_21_RIGHT,TGAGAGGAAAACCGCCCAGAAT,1,22,61.95,50.00,7104,7082
giiUGnoro_22_LEFT,AAGGAAGACACACTCATGCTCG,2,22,60.61,50.00,6946,6968
giiUGnoro_22_RIGHT,TCTCTTTGGGGACGGTTGAGAC,2,22,61.93,54.55,7478,7456
giiUGnoro_23_LEFT,AAGGAACCACCCAAGATACCATC,1,23,60.05,47.83,7126,7149
giiUGnoro_23_RIGHT,ACCAAACAGAAAAGGAAAAGGAAAACAA,1,28,61.11,32.14,7605,7577
giinoro_1_LEFT,CCGTTGCTTGCAACAACAACAA,1,22,61.49,45.45,25,47
giinoro_1_RIGHT,GGTTTGTGCACACCCAAGACTA,1,22,61.01,50.00,458,436
giinoro_2_LEFT,AAGAGAGAACAGGGAGGCCAAG,2,22,61.69,54.55,338,360
giinoro_2_RIGHT,AGGGGCTTTCTGTTCCACTCTT,2,22,61.57,50.00,722,700
giinoro_3_LEFT,CCGCCTTTGATAATAACTGTTATGCC,1,26,60.79,42.31,589,615
giinoro_3_RIGHT,AAGGGAGCGATCATAGCAGACA,1,22,61.28,50.00,962,940
giinoro_4_LEFT,TCTTAAACATTCTGGCAACGTGTGA,2,25,61.43,40.00,838,863
giinoro_4_RIGHT,TCACCATGGCTAGTTCATTGGC,2,22,60.95,50.00,1204,1182
giinoro_5_LEFT,AAATTGGCAAAATGCTGTCCTCAG,1,24,60.80,41.67,1063,1087
giinoro_5_RIGHT,CCTATCCCTGGCTTGCCAGATA,1,22,61.36,54.55,1493,1471
giinoro_6_LEFT,GTCCACGAAATCTGCATCTCCTG,2,23,61.53,52.17,1337,1360
giinoro_6_RIGHT,GTCACAATTCAAGGTGAGGGGG,2,22,61.14,54.55,1713,1691
giinoro_7_LEFT,GTGGACCATTGGGATGCATACA,1,22,60.69,50.00,1581,1603
giinoro_7_RIGHT,ATGTGGGGTGTTGCCATTCTTG,1,22,61.67,50.00,1989,1967
giinoro_8_LEFT,AAGTGGAAAAGGCAAAACGGGA,2,22,61.21,45.45,1855,1877
giinoro_8_RIGHT,GGCACCTCTTGATGGACACATT,2,22,60.88,50.00,2260,2238
giinoro_9_LEFT,GACAACTGGCTGCTGAGAACAA,1,22,61.32,50.00,2134,2156
giinoro_9_RIGHT,TGGTCTAGTGGTGGCTTTGACC,1,22,62.20,54.55,2531,2509
giinoro_10_LEFT,ATGTCAAATGTGTGCAAGAGGC,2,22,60.03,45.45,2407,2429
giinoro_10_RIGHT,TCACAAAAGTCTTCTTCCGTGGC,2,23,61.54,47.83,2819,2796
giinoro_11_LEFT,GCGATGAGGAGTATGACGAGTACA,1,24,61.80,50.00,2680,2704
giinoro_11_RIGHT,AGAAGCCCCAACCTGAACCAAA,1,22,62.37,50.00,3067,3045
giinoro_12_LEFT,CCTAAAGGGAAATTGTGGGCCG,2,22,61.79,54.55,2946,2968
giinoro_12_RIGHT,CGTGTGTTCCCATTCTAGCTGC,2,22,61.82,54.55,3325,3303
giinoro_13_LEFT,TTCCCAAAACCAATTAGACCAGATGT,1,26,60.92,38.46,3189,3215
giinoro_13_RIGHT,TTCCTTTGTCGTCTCCACCCTC,1,22,61.93,54.55,3574,3552
giinoro_14_LEFT,ACAAAAGGGGCAATGACTACATAGT,2,25,60.52,40.00,3445,3470
giinoro_14_RIGHT,TGATGATGGTCTGTTTGGCTGC,2,22,61.46,50.00,3829,3807
giinoro_15_LEFT,CATATGAGCCTGCCTACCTTGG,1,22,60.55,54.55,3673,3695
giinoro_15_RIGHT,TCATCCTTAAGGGCTGCTGTGT,1,22,61.69,50.00,4058,4036
giinoro_16_LEFT,TGAATTCTGGAACGGTGAGACC,2,22,60.29,50.00,3938,3960
giinoro_16_RIGHT,CTCTGTTGTGTTGAGTCCCAGC,2,22,61.38,54.55,4310,4288
giinoro_17_LEFT,CACTGCATATCGCTCCCAATCC,1,22,61.45,54.55,4179,4201
giinoro_17_RIGHT,GAATTTGCCTGCACGATGTCAG,1,22,60.73,50.00,4562,4540
giinoro_18_LEFT,CGGAGACTTCAAAATTTCAATAAATGAGGG,2,30,61.64,36.67,4415,4445
giinoro_18_RIGHT,GGGGTCTTCATGGTTTGGTCCT,2,22,62.23,54.55,4833,4811
giinoro_19_LEFT,TCAGTGAGGATTTGGACGGTCT,1,22,61.09,50.00,4696,4718
giinoro_19_RIGHT,TCGACGCCATCTTCATTCACAA,1,22,60.61,45.45,5084,5062
giinoro_20_LEFT,GTGGGATGGACTTTTACGTGCC,2,22,61.77,54.55,4960,4982
giinoro_20_RIGHT,TCTTGCTAAATGTGCCAGATAAGGA,2,25,60.34,40.00,5350,5325
giinoro_21_LEFT,AGAGCAAATTTTGTCCAGGCCC,1,22,61.67,50.00,5224,5246
giinoro_21_RIGHT,GGGGTGTAAAGCATAGCCACAA,1,22,60.88,50.00,5622,5600
giinoro_22_LEFT,TCCCTCATGTGATTATAGATGTCAGGA,2,27,60.92,40.74,5489,5516
giinoro_22_RIGHT,GCCACTGACTTGGAGTTGTGTT,2,22,61.26,50.00,5914,5892
giinoro_23_LEFT,CCCAGTGTCCATAGACCAGATGT,1,23,61.45,52.17,5793,5816
giinoro_23_RIGHT,AGTCTGCCATGTGCCAATTTGA,1,22,61.08,45.45,6208,6186
giinoro_24_LEFT,GAGACAAACACAACACCCCTGG,2,22,61.59,54.55,6083,6105
giinoro_24_RIGHT,GATGTATCTGACAAGGGCCACC,2,22,60.75,54.55,6508,6486
giinoro_25_LEFT,TTCAGATCATACATTCCCCTCAAGG,1,25,60.16,44.00,6373,6398
giinoro_25_RIGHT,CAAATTCTGCCCTCTGATTTATTGCA,1,26,60.63,38.46,6802,6776
giinoro_26_LEFT,ATGGGAACTGGAAATGGGCGTA,2,22,62.02,50.00,6661,6683
giinoro_26_RIGHT,GCGGTTGATGTGAATCTCCCAG,2,22,61.57,54.55,7067,7045
giinoro_27_LEFT,ATGGCTATAAAACAGGGGGTCCT,1,23,61.16,47.83,6897,6920
giinoro_27_RIGHT,GTGACAAAGGCCGTCTGTAAGG,1,22,61.44,54.55,7337,7315
giinoro_28_LEFT,TCTTCTGTGTCCTCCTTTGCTACTC,2,25,62.02,48.00,7119,7144
giinoro_28_RIGHT,TCACTAAACCTGTGACTCCCCC,2,22,61.36,54.55,7479,7457
gii2noro_1_LEFT,TGCTTGCAACAACAACAACGAC,1,22,61.23,45.45,29,51
gii2noro_1_RIGHT,TCTCCGTTGAGCCTCTTGAGAG,1,22,61.46,54.55,575,553
gii2noro_2_LEFT,CACAAACCACCCGCAGCTATAA,2,22,61.20,50.00,450,472
gii2noro_2_RIGHT,GGGAGCGATCATAGCAGACACA,2,22,62.17,54.55,960,938
gii2noro_3_LEFT,TCTTAAACATTCTGGCAACGTGTG,1,24,60.26,41.67,838,862
gii2noro_3_RIGHT,CATGTAGGTTGCAAGGCTGTCT,1,22,60.88,50.00,1299,1277
gii2noro_4_LEFT,AGAAGCCAATGAACTAGCCATGG,2,23,60.94,47.83,1178,1201
gii2noro_4_RIGHT,CGCAGTGCATCATGAATAGGGT,2,22,61.07,50.00,1667,1645
gii2noro_5_LEFT,TCACAGGAGATCAAAGAGTTGGACT,1,25,61.46,44.00,1540,1565
gii2noro_5_RIGHT,CATGTGGGGTGTTGCCATTCTT,1,22,61.67,50.00,1990,1968
gii2noro_6_LEFT,AAGTGGAAAAGGCAAAACGGGA,2,22,61.21,45.45,1855,1877
gii2noro_6_RIGHT,TCGTTGTTGGTCTGAACAGTGG,2,22,61.00,50.00,2360,2338
gii2noro_7_LEFT,AATGTGTCCATCAAGAGGTGCC,1,22,60.88,50.00,2238,2260
gii2noro_7_RIGHT,ACTCGTCATACTCCTCATCGCT,1,22,60.75,50.00,2701,2679
gii2noro_8_LEFT,GAATTCATCATCTCCTCCAAGGACA,2,25,60.40,44.00,2577,2602
gii2noro_8_RIGHT,TCCTAGACCATATGCTTGGGGG,2,22,61.03,54.55,3037,3015
gii2noro_9_LEFT,AGTGACTGGTTCGGAAATCAGAAA,1,24,60.44,41.67,2900,2924
gii2noro_9_RIGHT,ATGCGGCCCTGAATTTTCATGG,1,22,62.12,50.00,3350,3328
gii2noro_10_LEFT,ATGATCCTGGAAGAAGGTGCGC,2,22,62.96,54.55,3222,3244
gii2noro_10_RIGHT,GTAGGCAGGCTCATATGTCCCT,2,22,61.35,54.55,3690,3668
gii2noro_11_LEFT,AAAGGAACATACTGTGGGGCAC,1,22,60.82,50.00,3567,3589
gii2noro_11_RIGHT,TCCTTAAGGGCTGCTGTGTACA,1,22,61.35,50.00,4055,4033
gii2noro_12_LEFT,CCCCATCACGCTCGAAAGAATG,2,22,61.88,54.55,3918,3940
gii2noro_12_RIGHT,ACATCTACTACACTGGGGGCCA,2,22,62.59,54.55,4415,4393
gii2noro_13_LEFT,TGGGACTCAACACAACAGAGGG,1,22,62.14,54.55,4290,4312
gii2noro_13_RIGHT,ACTTTCCAAACCAACCAGCTGG,1,22,61.54,50.00,4771,4749
gii2noro_14_LEFT,GTCTAAAACCAACTCGCCCAGA,2,22,60.55,50.00,4651,4673
gii2noro_14_RIGHT,AGTAGATGGAGCGGCGTCATTC,2,22,62.48,54.55,5104,5082
gii2noro_15_LEFT,TTTACGTGCCAAGACAGGAACC,1,22,61.07,50.00,4972,4994
gii2noro_15_RIGHT,ACATGGTAATTTGCTGTGGGCT,1,22,60.82,45.45,5489,5467
gii2noro_16_LEFT,TGTATAACGGGTATGCCGGTGG,2,22,62.18,54.55,5351,5373
gii2noro_16_RIGHT,GGGCTGGTGTACATCTGGTCTA,2,22,61.22,54.55,5826,5804
gii2noro_17_LEFT,TGATTTCACATATCTGGTGCCACC,1,24,61.17,45.83,5697,5721
gii2noro_17_RIGHT,AGTCTGCCATGTGCCAATTTGA,1,22,61.08,45.45,6208,6186
gii2noro_18_LEFT,GAGACAAACACAACACCCCTGG,2,22,61.59,54.55,6083,6105
gii2noro_18_RIGHT,TGTCATGAAACCAGCTCTGTGG,2,22,60.81,50.00,6568,6546
gii2noro_19_LEFT,ACAAGAGTGGGTGCAACATTTCT,1,23,60.94,43.48,6435,6458
gii2noro_19_RIGHT,CCATCATATCTGCCTGCAGCTG,1,22,61.45,54.55,6901,6879
gii2noro_20_LEFT,GCTAATGCAATAAATCAGAGGGCAG,2,25,60.56,44.00,6771,6796
gii2noro_20_RIGHT,TGTGCTGCGAGTCGAATTTGAT,2,22,61.19,45.45,7221,7199
gii2noro_21_LEFT,TCTGGGAGATTCACATCAACCGC,1,23,62.80,52.17,7044,7067
gii2noro_21_RIGHT,TAAATTTTCACCTTTTCACTAAACCTGTGA,1,30,60.54,30.00,7494,7464
gii14noro_1_LEFT,TGAATGAAGATGGCGTCTAACCG,1,23,60.98,47.83,1,24
gii14noro_1_RIGHT,TATCGTCGCGAGGCTTATAGCA,1,22,61.45,50.00,508,486
gii14noro_2_LEFT,CTGAACCACTTCCTGGCACAAT,2,22,61.08,50.00,380,402
gii14noro_2_RIGHT,GCAAGCAAGTGTAGCAGGTTCA,2,22,61.64,50.00,876,854
gii14noro_3_LEFT,CCTCCCAACCGTTGATGATGGA,1,22,62.33,54.55,741,763
gii14noro_3_RIGHT,GATCGCCCTCAAGGTTTCCATC,1,22,61.32,54.55,1234,1212
gii14noro_4_LEFT,CCGCTGAGAAGATAGGCCGTAT,2,22,61.72,54.55,1076,1098
gii14noro_4_RIGHT,CCAAATGTCTTGCCATGTGGGT,2,22,61.67,50.00,1541,1519
gii14noro_5_LEFT,CTGCTGCCAGATCCCTTCTACA,1,22,61.81,54.55,1421,1443
gii14noro_5_RIGHT,TCTTTCCACATGTCAGGTTGGC,1,22,61.08,50.00,1929,1907
gii14noro_6_LEFT,CGCCCCTCGATTATGTGAACTT,2,22,60.74,50.00,1805,1827
gii14noro_6_RIGHT,ACCGTTGGAAGAGACTCGATACT,2,23,60.87,47.83,2326,2303
gii14noro_7_LEFT,GAGTAGGTGCGGCACTCAAAAA,1,22,61.38,50.00,2201,2223
gii14noro_7_RIGHT,GTGTGTTTCTTGCCCCTTCCTT,1,22,61.28,50.00,2667,2645
gii14noro_8_LEFT,AACCGAGACCCAGGATGTGAAT,2,22,61.43,50.00,2538,2560
gii14noro_8_RIGHT,GGGGCGCTTCAAAATCAAGTCT,2,22,61.72,50.00,3029,3007
gii14noro_9_LEFT,TTAGTCACCGGCACAGACATCA,1,22,61.67,50.00,2908,2930
gii14noro_9_RIGHT,GCCAAGATCCATGTTCTTCGCA,1,22,61.52,50.00,3421,3399
gii14noro_10_LEFT,ACAGGTGAGATGATCCCCTTGG,2,22,61.50,54.55,3292,3314
gii14noro_10_RIGHT,CTCATGACTTGCTGCAGGGAAG,2,22,61.51,54.55,3756,3734
gii14noro_11_LEFT,GGCACCTAAACTCAGCACGAAG,1,22,61.75,54.55,3618,3640
gii14noro_11_RIGHT,GTTCCAAGGTCCGATCCCCATA,1,22,61.55,54.55,4137,4115
gii14noro_12_LEFT,GCCAACCTCATGTATGAACAGGC,2,23,62.04,52.17,4003,4026
gii14noro_12_RIGHT,TACATGGGACTCCTGATGGCAG,2,22,61.55,54.55,4478,4456
gii14noro_13_LEFT,GGTGCGATTTTCTGCTGAACCA,1,22,61.96,50.00,4350,4372
gii14noro_13_RIGHT,GGCCCCCTTGTCCAGTATAGTT,1,22,61.50,54.55,4827,4805
gii14noro_14_LEFT,CATAACTGAAGACCTCACCGGC,2,22,61.00,54.55,4704,4726
gii14noro_14_RIGHT,CGACGGGTTCAAGAGCCATAAC,2,22,61.56,54.55,5175,5153
gii14noro_15_LEFT,TTTTCTGACCTCAGCACATGGG,1,22,60.82,50.00,5023,5045
gii14noro_15_RIGHT,ATCACATGGGGGCACATAGTCA,1,22,61.50,50.00,5512,5490
gii14noro_16_LEFT,GTGCAGATAGTACTGGCTGGGA,2,22,61.54,54.55,5390,5412
gii14noro_16_RIGHT,CCGTTTTGGGGTTGGACAATGA,2,22,61.60,50.00,5869,5847
gii14noro_17_LEFT,ACTAAGAATTTCACCCTTCCCGTT,1,24,60.20,41.67,5747,5771
gii14noro_17_RIGHT,GGGTGCTGATCATCCACATTGA,1,22,60.68,50.00,6262,6240
gii14noro_18_LEFT,ATTGACACTGCGGGTGACACAT,2,22,62.77,50.00,6131,6153
gii14noro_18_RIGHT,TAGGGTGATCTCCAGATGCTGC,2,22,61.61,54.55,6585,6563
gii14noro_19_LEFT,CGGCTCCTTCCCAATCTGACAT,1,22,62.39,54.55,6459,6481
gii14noro_19_RIGHT,ATGCCTCCCGCTTGATGTCTAT,1,22,61.62,50.00,6911,6889
gii14noro_20_LEFT,GTATGACTTCAACAGACAGCTCCA,2,24,60.56,45.83,6789,6813
gii14noro_20_RIGHT,AACGGGCCAAGCATCTCATTTT,2,22,61.41,45.45,7308,7286
gii14noro_21_LEFT,GCTATTCAGGTACATTTGCCTCCC,1,24,61.52,50.00,7031,7055
gii14noro_21_RIGHT,TAAATCTGTGACTCCCCTCGCC,1,22,61.80,54.55,7482,7460
gii21noro_1_LEFT,GTGAATGAAGATGGCGTCTAACGA,1,24,61.20,45.83,0,24
gii21noro_1_RIGHT,GAGGTACTGTGGGGTGTACACA,1,22,61.35,54.55,550,528
gii21noro_2_LEFT,ATGGCTTATATGTGGAACGAGGATT,2,25,60.22,40.00,422,447
gii21noro_2_RIGHT,TGCCTGCAAAAGTCCAATCACA,2,22,61.28,45.45,890,868
gii21noro_3_LEFT,GCCAATGTTCTCCTCTGTGCTC,1,22,61.51,54.55,766,788
gii21noro_3_RIGHT,GGATCTCACCATTGCCAATTCGT,1,23,61.49,47.83,1219,1196
gii21noro_4_LEFT,CATCTGCTGCTTCAACCCTGAG,2,22,61.51,54.55,1091,1113
gii21noro_4_RIGHT,TTGTATGCATCCCAGTGGTCGA,2,22,61.74,50.00,1614,1592
gii21noro_5_LEFT,CGACCGGTCGTTGTGATGATTT,1,22,61.50,50.00,1462,1484
gii21noro_5_RIGHT,TCAAAACCTCCTTGTGGGGCTA,1,22,61.57,50.00,1977,1955
gii21noro_6_LEFT,TCTATGCTGATGCCCCTGAAGT,2,22,61.23,50.00,1847,1869
gii21noro_6_RIGHT,ACACACATTGCCTTTGCCATCA,2,22,61.60,45.45,2329,2307
gii21noro_7_LEFT,GTCGGATCACAACTCAAGAATGTCA,1,25,61.31,44.00,2191,2216
gii21noro_7_RIGHT,TCCTTTCTTGCCCTCGGTTTTG,1,22,61.33,50.00,2641,2619
gii21noro_8_LEFT,AACATACAAAACCTATGGTCCAAACC,2,26,60.01,38.46,2503,2529
gii21noro_8_RIGHT,ACTCCTGTCATCATCAGCCCAT,2,22,61.23,50.00,2998,2976
gii21noro_9_LEFT,AGACCAACAAGAAAGCAACGCA,1,22,61.52,45.45,2869,2891
gii21noro_9_RIGHT,ATTTTCATGGTCGCGTGGGTAC,1,22,61.51,50.00,3354,3332
gii21noro_10_LEFT,GACAGATGTCACGGGCATGATC,2,22,61.37,54.55,3222,3244
gii21noro_10_RIGHT,AAGCTGGTTCATAGGTTCCGGG,2,22,62.33,54.55,3704,3682
gii21noro_11_LEFT,TAGAGGGTGGCGACAATAAGGG,1,22,61.55,54.55,3566,3588
gii21noro_11_RIGHT,CGTCCTTCAGAGCTCCTGTGTA,1,22,61.46,54.55,4073,4051
gii21noro_12_LEFT,GAAGAACGAGTGCTGGAACGGA,2,22,62.78,54.55,3948,3970
gii21noro_12_RIGHT,CTGCAACTACTTGGGCCAGATG,2,22,61.52,54.55,4400,4378
gii21noro_13_LEFT,CCAGATACAGATACCATTATGATGCAGA,1,28,60.59,39.29,4268,4296
gii21noro_13_RIGHT,TTTGGTCCAGTTTGCCAAACCA,1,22,61.42,45.45,4796,4774
gii21noro_14_LEFT,ACCAACCCGTCCTGATAAAACAG,2,23,60.81,47.83,4674,4697
gii21noro_14_RIGHT,CATCATTAGATGGAGCGGCGTC,2,22,61.49,54.55,5124,5102
gii21noro_15_LEFT,GTGCCCAGACAAGAACCAATGT,1,22,61.34,50.00,4993,5015
gii21noro_15_RIGHT,GGGACTGCTGCAAAAAGGATCT,1,22,61.14,50.00,5458,5436
gii21noro_16_LEFT,AGCTAGGGCCAGATCTTAATCCA,2,23,60.70,47.83,5322,5345
gii21noro_16_RIGHT,GATCGGGGCTGGGAATCTAGAA,2,22,61.35,54.55,5822,5800
gii21noro_17_LEFT,ACCAGACCTACTCCGGACTTTG,1,22,61.41,54.55,5693,5715
gii21noro_17_RIGHT,TGCACTTGGTGTAAGCCAATTGT,1,23,61.50,43.48,6208,6185
gii21noro_18_LEFT,GGGCATTCTGTATGGGGTGTTG,2,22,61.53,54.55,6070,6092
gii21noro_18_RIGHT,GCCTATGCAGTTTGGCCTCAAA,2,22,61.73,50.00,6564,6542
gii21noro_19_LEFT,TTGCCTGATCCCACAAGAATGG,1,22,60.89,50.00,6433,6455
gii21noro_19_RIGHT,CCTGCTTTGATGGCCATCATGT,1,22,61.54,50.00,6924,6902
gii21noro_20_LEFT,ACCAAAAAGTTGAATATGACCTCACCA,2,27,61.35,37.04,6794,6821
gii21noro_20_RIGHT,TCCTCTGACTTCGAACCCAGTC,2,22,61.40,54.55,7277,7255
gii21noro_21_LEFT,GGCACCCAATTCAACCAAAACA,1,22,60.42,45.45,7023,7045
gii21noro_21_RIGHT,TCTTTTCACTAGGCTTGTGACTCC,1,24,60.50,45.83,7473,7449
gii12noro_1_LEFT,AAGATGGCCTCTAACGACGCTT,1,22,62.05,50.00,3,25
gii12noro_1_RIGHT,TAATAGCCGCTGGTGGTTTGTG,1,22,61.20,50.00,484,462
gii12noro_2_LEFT,CAGGGATGCTAAAGAACCGCTG,2,22,61.57,54.55,359,381
gii12noro_2_RIGHT,GTCCAGTCGCAGGAAGCTAGTA,2,22,61.52,54.55,881,859
gii12noro_3_LEFT,TGATTCCAAATTGAAAAAGGTGGCT,1,25,60.16,36.00,746,771
gii12noro_3_RIGHT,GAGCAGGGTGGTCATGTGATTG,1,22,61.52,54.55,1281,1259
gii12noro_4_LEFT,TGGTCATGAAATGGTTCTTCCCG,2,23,61.12,47.83,1159,1182
gii12noro_4_RIGHT,CCAAAGGACGACTCTCTCACCT,2,22,61.40,54.55,1638,1616
gii12noro_5_LEFT,GGAAGACCCATCTTGCCAGAGA,1,22,61.75,54.55,1504,1526
gii12noro_5_RIGHT,GTGGGGTGTTGCCGTTCTTATC,1,22,61.77,54.55,1999,1977
gii12noro_6_LEFT,ACGCTGAAAAGGCAAAACGAGA,2,22,61.57,45.45,1867,1889
gii12noro_6_RIGHT,CGCCAGTTAGCTCATTGTTGGT,2,22,61.45,50.00,2383,2361
gii12noro_7_LEFT,ACATTGCAATTAGAAGGTGCCAGA,1,24,61.05,41.67,2251,2275
gii12noro_7_RIGHT,GTCTCTGTCCTGGAGGTATTCTTCT,1,25,61.10,48.00,2784,2759
gii12noro_8_LEFT,TGGCAAGAAACACACAGCCTTT,2,22,61.47,45.45,2660,2682
gii12noro_8_RIGHT,CCCCTTGAGGTATGACATGGGT,2,22,61.50,54.55,3136,3114
gii12noro_9_LEFT,GTGTCGATTACAATGAAAAGCTCAGT,1,26,60.35,38.46,2998,3024
gii12noro_9_RIGHT,ACAGATGACAGTGTTCCCTCCG,1,22,61.99,54.55,3537,3515
gii12noro_10_LEFT,CAACGCCAAGAGCATGGATTTG,2,22,60.99,50.00,3404,3426
gii12noro_10_RIGHT,AGGTTGTTTTGTCGAGGGATGC,2,22,61.39,50.00,3925,3903
gii12noro_11_LEFT,TAAGCCACCAAAGCCCAGTGTA,1,22,61.89,50.00,3797,3819
gii12noro_11_RIGHT,CCACCGAGAGTAGTCTGCATCA,1,22,61.52,54.55,4311,4289
gii12noro_12_LEFT,CAAGGCTCACTGTGTCACACTC,2,22,61.37,54.55,4190,4212
gii12noro_12_RIGHT,TTCAGTCTTGTCAGGACGGGTT,2,22,61.55,50.00,4701,4679
gii12noro_13_LEFT,TCATCCAAGCAAACTCACTCTTCT,1,24,60.20,41.67,4564,4588
gii12noro_13_RIGHT,CCATCGAAACATTGGCTCTTGC,1,22,60.73,50.00,5025,5003
gii12noro_14_LEFT,AGGTGAAGCTGCATTACATGGC,2,22,61.53,50.00,4904,4926
gii12noro_14_RIGHT,TTCCCAGCCAGTAGTACTTGCA,2,22,61.35,50.00,5421,5399
gii12noro_15_LEFT,CGCCTGGGGAAGTCCTACTAAA,1,22,61.48,54.55,5297,5319
gii12noro_15_RIGHT,AGATGGGGAGTGTGAAGGGTTT,1,22,61.31,50.00,5780,5758
gii12noro_16_LEFT,GGTCTAATGGTTCTGGTGATGATGT,2,25,60.63,44.00,5645,5670
gii12noro_16_RIGHT,TCACTGCATCATGGCTCCTACA,2,22,61.48,50.00,6140,6118
gii12noro_17_LEFT,ACGGAACCCCTTTTGATCCAAC,1,22,61.08,50.00,6011,6033
gii12noro_17_RIGHT,TTGCTTCAAATAGGACACGCCC,1,22,61.46,50.00,6539,6517
gii12noro_18_LEFT,ATTGATTGTCTCTTGCCCCAAGA,2,23,60.25,43.48,6415,6438
gii12noro_18_RIGHT,GGCTTGAATTTGAGCTTGCAGC,2,22,61.50,50.00,6870,6848
gii12noro_19_LEFT,GGTATTGGCTCACTCGTGAACG,1,22,61.55,54.55,6741,6763
gii12noro_19_RIGHT,CGTACCCAATCACTAGTCCGAGA,1,23,61.24,52.17,7271,7248
gii12noro_20_LEFT,CGGAGCCATGAAAACAACTGCT,2,22,61.97,50.00,7016,7038
gii12noro_20_RIGHT,AAACTTGTGACTCCCCTCTCCG,2,22,61.93,54.55,7471,7449
gii6noro_1_LEFT,TTGGCAGCCAAAACTCTGTCAA,1,22,61.21,45.45,3,25
gii6noro_1_RIGHT,ATGGGTGTGAGCTCTATCGTCG,1,22,61.90,54.55,484,462
gii6noro_2_LEFT,GCTTCCTGGCACAATACTGGAG,2,22,61.26,54.55,349,371
gii6noro_2_RIGHT,TATACCCGCAAACGTCCAGTCA,2,22,61.72,50.00,866,844
gii6noro_3_LEFT,CAAAAAGGTGGCCAACGCAATT,1,22,61.32,45.45,730,752
gii6noro_3_RIGHT,TGTCCTTGAGGAGGGTTGTGAG,1,22,61.61,54.55,1260,1238
gii6noro_4_LEFT,ACTGGTTATGAAGTGGTTCTTTCCAA,2,26,60.86,38.46,1129,1155
gii6noro_4_RIGHT,GGCATCTTTGACAGGGTTTCCC,2,22,61.73,54.55,1646,1624
gii6noro_5_LEFT,GGCTAAGAGTATCGCCAACACC,1,22,61.06,54.55,1501,1523
gii6noro_5_RIGHT,GGGGTGTTGCCATTCTTGTCAA,1,22,61.60,50.00,1969,1947
gii6noro_6_LEFT,GGTTAAGAGAGATTTCCCCGGC,2,22,60.75,54.55,1849,1871
gii6noro_6_RIGHT,ACTTCGTTTGCAGTCTGGGATG,2,22,61.13,50.00,2347,2325
gii6noro_7_LEFT,GTTGCACTGAGGGATGTGAAGT,1,22,60.81,50.00,2210,2232
gii6noro_7_RIGHT,ACTCCTCATCACTCAGGCCTTT,1,22,61.10,50.00,2664,2642
gii6noro_8_LEFT,CCGAAAAGGAAGTGACCCAAGG,2,22,61.39,54.55,2526,2548
gii6noro_8_RIGHT,GGGGAGCCTCGAAATCAAGTCT,2,22,62.06,54.55,2991,2969
gii6noro_9_LEFT,CTTGGTTTGGTCACTGGCTCAG,1,22,61.65,54.55,2864,2886
gii6noro_9_RIGHT,CCTGTGAGGAGCATTCCCATCT,1,22,61.82,54.55,3355,3333
gii6noro_10_LEFT,AAGGCACTGTCTGCTCCATACT,2,22,61.42,50.00,3219,3241
gii6noro_10_RIGHT,CTCATGACTTGCTGCAGGGATG,2,22,61.58,54.55,3718,3696
gii6noro_11_LEFT,CCCAAACTTAGCACGAAGACCA,1,22,60.81,50.00,3584,3606
gii6noro_11_RIGHT,CCAAGATCCGACCCCCATAAGA,1,22,61.29,54.55,4096,4074
gii6noro_12_LEFT,CATGTACGAGCAGGCCAAACAT,2,22,61.52,50.00,3973,3995
gii6noro_12_RIGHT,CTTCTGCCATTGCACTCAAGGT,2,22,61.40,50.00,4497,4475
gii6noro_13_LEFT,CACAAGTGGTTGCAGAGGACCT,1,22,62.71,54.55,4341,4363
gii6noro_13_RIGHT,GGGACCATGCTCTCATATGGGT,1,22,61.63,54.55,4822,4800
gii6noro_14_LEFT,ATAACTGAAGATCTCACCGGCCT,2,23,61.20,47.83,4667,4690
gii6noro_14_RIGHT,TATTTTGTTGGCCGACGACAGG,2,22,61.45,50.00,5179,5157
gii6noro_15_LEFT,GAATGACGCTGCTCCATCGAAT,1,22,61.37,50.00,5054,5076
gii6noro_15_RIGHT,TTATGTCAGGGAGGGGCAAAAG,1,22,60.29,50.00,5524,5502
gii6noro_16_LEFT,GGTAAAATCATCTTTGCCGCCG,2,22,60.79,50.00,5388,5410
gii6noro_16_RIGHT,TGCCCCTGAAGGAGCAAATTTG,2,22,61.67,50.00,5902,5880
gii6noro_17_LEFT,AGACATGTTGTACACTGACCCCA,1,23,61.52,47.83,5774,5797
gii6noro_17_RIGHT,AGGTGACCAGAATATTCGGGCA,1,22,61.49,50.00,6296,6274
gii6noro_18_LEFT,CCAAAGCTTGGCTCTGTGTTGA,2,22,61.59,50.00,6162,6184
gii6noro_18_RIGHT,TATTGAACTCTTCTGCGCCCCT,2,22,61.74,50.00,6683,6661
gii6noro_19_LEFT,TGGCAAATTCTGGAAACAACCCT,1,23,61.20,43.48,6556,6579
gii6noro_19_RIGHT,AACTGGCCCGAATAACTGGTTG,1,22,61.14,50.00,7042,7020
gii6noro_20_LEFT,ACAGCTCCAGCAGGAAATGATG,2,22,60.94,50.00,6865,6887
gii6noro_20_RIGHT,AGTCCAGGAGTCCAAAACAGCT,2,22,61.56,50.00,7391,7369
ginoro_1-10_1_LEFT,TCGAAAGACGTCGTTGCGACTA,1,22,62.24,50.00,16,38
ginoro_1-10_1_RIGHT,AAACCGCCAGCATCAAACCATT,1,22,61.93,45.45,387,365
ginoro_1-10_2_LEFT,AGGCCCATGGACCAGAATGTTA,2,22,61.44,50.00,286,308
ginoro_1-10_2_RIGHT,CACCAACTGTCTTTCCTTGCCC,2,22,61.91,54.55,662,640
ginoro_1-10_3_LEFT,ACCAGCTAGTGAACCCACCATT,1,22,61.63,50.00,564,586
ginoro_1-10_3_RIGHT,CTGCTGAAATTCAGGGGTCTGT,1,22,60.55,50.00,952,930
ginoro_1-10_4_LEFT,TCTTGAGGACACATGGTTGCAG,2,22,60.81,50.00,855,877
ginoro_1-10_4_RIGHT,AGGTCTTCTGGTCCCTGGAGAT,2,22,61.99,54.55,1215,1193
ginoro_1-10_5_LEFT,TTCTTGAGCTCTTTGGCGTATTCT,1,24,60.56,41.67,1118,1142
ginoro_1-10_5_RIGHT,GCTTGTCTCTCACCAGTTGTGT,1,22,60.74,50.00,1487,1465
ginoro_1-10_6_LEFT,TCTTTGGTGGGGATCAGACTGA,2,22,60.76,50.00,1379,1401
ginoro_1-10_6_RIGHT,TAGCCATCCCAGTGGTCAACAG,2,22,62.01,54.55,1809,1787
ginoro_1-10_7_LEFT,GGGAAGACTAAAGCAGCGGAAC,1,22,61.51,54.55,1699,1721
ginoro_1-10_7_RIGHT,CAATCTTTCAGTGCCGACGTGT,1,22,61.69,50.00,2118,2096
ginoro_1-10_8_LEFT,TGTGCAGACGGGTTGACTTTCT,2,22,62.38,50.00,2021,2043
ginoro_1-10_8_RIGHT,CACCGCGCAGTTTCTTACCTAG,2,22,61.55,54.55,2402,2380
ginoro_1-10_9_LEFT,TGTATGATTTTGATGATGACAGGGTGT,1,27,61.02,37.04,2297,2324
ginoro_1-10_9_RIGHT,CCAAACATTCTTTTCACGGCCC,1,22,60.87,50.00,2703,2681
ginoro_1-10_10_LEFT,TCAACAACAGCAGTCAGTGTGC,2,22,61.83,50.00,2541,2563
ginoro_1-10_10_RIGHT,GCGCCCTTTCTTGTTCTTACCT,2,22,61.13,50.00,2920,2898
ginoro_1-10_11_LEFT,GGACTATGTGAGACTGAGGAGGA,1,23,60.37,52.17,2821,2844
ginoro_1-10_11_RIGHT,CCCGTGACTAATCCCAATTGGC,1,22,61.59,54.55,3198,3176
ginoro_1-10_12_LEFT,GCGAAACCGAAATGGAAATCCG,2,22,61.04,50.00,3101,3123
ginoro_1-10_12_RIGHT,GTGAATTCTCCGGCCCTATGGA,2,22,61.87,54.55,3468,3446
ginoro_1-10_13_LEFT,GGTCAGCCCCACAGTCTTCATA,1,22,61.74,54.55,3357,3379
ginoro_1-10_13_RIGHT,CAGACCACCCAGTCATTTGCTC,1,22,61.45,54.55,3762,3740
ginoro_1-10_14_LEFT,TCTGGTATGTTGCTCACTGGGG,2,22,62.01,54.55,3652,3674
ginoro_1-10_14_RIGHT,CCCGTAATACCTGTTGGAGCGA,2,22,62.11,54.55,4034,4012
ginoro_1-10_15_LEFT,TCATCCCCTGAACCATTACCCC,1,22,61.50,54.55,3931,3953
ginoro_1-10_15_RIGHT,ACTAATTCATCCTTAAGCGCCGC,1,23,61.60,47.83,4350,4327
ginoro_1-10_16_LEFT,GCACCGCCTTCATTAGAGAGTT,2,22,60.68,50.00,4238,4260
ginoro_1-10_16_RIGHT,GCCTGTTTTGTGTTGAGTCCCA,2,22,61.53,50.00,4598,4576
ginoro_1-10_17_LEFT,TGGGATGAATTCAATCGAGGATGG,1,24,60.75,45.83,4491,4515
ginoro_1-10_17_RIGHT,CCTGTGTCAATTTTGCTGGGTC,1,22,60.29,50.00,4922,4900
ginoro_1-10_18_LEFT,GGCCTGTCACCAGATGTTATTCA,2,23,60.62,47.83,4816,4839
ginoro_1-10_18_RIGHT,ATGCAATGAAGCCTCACCTAACA,2,23,60.56,43.48,5191,5168
ginoro_1-10_19_LEFT,ACAGATCTATTGGACCAGAGGGC,1,23,61.52,52.17,5079,5102
ginoro_1-10_19_RIGHT,AATCATGTTAACTTGCCCAGCCG,1,23,61.99,47.83,5510,5487
ginoro_1-10_20_LEFT,GTCTAAGGACGCTCCAACATCC,2,22,60.74,54.55,5365,5387
ginoro_1-10_20_RIGHT,GTGGGAAGAGAGTTGCTTGAGC,2,22,61.45,54.55,5793,5771
ginoro_1-10_21_LEFT,CAACGCCTTCACAGCTGGAAAG,1,22,62.51,54.55,5698,5720
ginoro_1-10_21_RIGHT,TAGGCACAGGGACACGAGAATT,1,22,61.41,50.00,6108,6086
ginoro_1-10_22_LEFT,TTCTTGTTCCCCCTTCCGTTGA,2,22,61.82,50.00,6012,6034
ginoro_1-10_22_RIGHT,ATGGGTCCCGATCTTGAGTCTG,2,22,61.54,54.55,6390,6368
ginoro_1-10_23_LEFT,GTACACCCTTCATCCCCCTTGA,1,22,61.43,54.55,6282,6304
ginoro_1-10_23_RIGHT,GTGGGTGATGAACTCCTGAGGT,1,22,61.68,54.55,6716,6694
ginoro_1-10_24_LEFT,CATCTTGCTCCTGCTGTGTTCC,2,22,61.77,54.55,6584,6606
ginoro_1-10_24_RIGHT,CGATGACAGCTTGGGCCATTAT,2,22,61.07,50.00,6995,6973
ginoro_1-10_25_LEFT,TGGAGTCTTTGTCTTTGTTTCATGGG,1,26,61.86,42.31,6877,6903
ginoro_1-10_25_RIGHT,TCCAGTCCACTATACGGGTGAC,1,22,60.95,54.55,7277,7255
ginoro_1-10_26_LEFT,CACTAGGTATGCTCTTCTGCGG,2,22,60.54,54.55,7182,7204
ginoro_1-10_26_RIGHT,TTGCGAACAGAGGCAATCTATCTG,2,24,61.21,45.83,7595,7571
ginoro_1-10_27_LEFT,GCCTACCTCAAGCACCACTACA,1,22,61.99,54.55,7296,7318
ginoro_1-10_27_RIGHT,ATTAAAACCAAATCTGAATATGGTGCCCA,1,29,62.07,34.48,7656,7627
ginoro_11-20_1_LEFT,AAAGACGTCGTTCCTACTGCTG,1,22,60.61,50.00,16,38
ginoro_11-20_1_RIGHT,GTGTACTTGGACCTAAGCCACC,1,22,60.61,54.55,395,373
ginoro_11-20_2_LEFT,TAAGACGTGGGATGAGCTTGAC,2,22,60.09,50.00,300,322
ginoro_11-20_2_RIGHT,ATGGGCTGTATGGTGATCCTCG,2,22,61.93,54.55,708,686
ginoro_11-20_3_LEFT,ATGAAGGGCACATCTATCATTATGCT,1,26,60.52,38.46,599,625
ginoro_11-20_3_RIGHT,AGCACTGCATCCCTAACCATCT,1,22,61.50,50.00,981,959
ginoro_11-20_4_LEFT,ATCTCCTCTGGCCGGTTTTACC,2,22,62.07,54.55,880,902
ginoro_11-20_4_RIGHT,CCCCCAATACTATTGGCACGAG,2,22,60.81,54.55,1241,1219
ginoro_11-20_5_LEFT,TGGAACCCACCTGATGTTTCCA,1,22,61.84,50.00,1135,1157
ginoro_11-20_5_RIGHT,GGGTCGGCATTCCTGACAGATA,1,22,61.86,54.55,1560,1538
ginoro_11-20_6_LEFT,ACATCAGTGACTCAGCTCGTGA,2,22,61.40,50.00,1450,1472
ginoro_11-20_6_RIGHT,TTCCATAGTCGTCCCACAGCAT,2,22,61.48,50.00,1841,1819
ginoro_11-20_7_LEFT,TGAGATACGGCCTGGTGGTAAG,1,22,61.54,54.55,1737,1759
ginoro_11-20_7_RIGHT,GTGAGAAATCGGGCTTGAAGCA,1,22,61.45,50.00,2132,2110
ginoro_11-20_8_LEFT,GGTGGACTTCCTTGTGTATTGCAC,2,24,62.10,50.00,2025,2049
ginoro_11-20_8_RIGHT,CGTAGCTTTTTGCCTAGGGAGG,2,22,61.00,54.55,2391,2369
ginoro_11-20_9_LEFT,AGGGGCCTACGTATGACTTTGA,1,22,60.89,50.00,2282,2304
ginoro_11-20_9_RIGHT,TACCAAACATACGCTTGACCGC,1,22,61.50,50.00,2699,2677
ginoro_11-20_10_LEFT,GCTGTGGCATACGCTTCATGTT,2,22,62.08,50.00,2596,2618
ginoro_11-20_10_RIGHT,TCTTCATCACTCAGACCACGGC,2,22,62.30,54.55,2973,2951
ginoro_11-20_11_LEFT,ATGGTACCAAGTGATGCCGTCC,1,22,62.64,54.55,2860,2882
ginoro_11-20_11_RIGHT,TCTGCCCATTCATTCTTTGGCG,1,22,61.78,50.00,3258,3236
ginoro_11-20_12_LEFT,AAACACCAACAAGAGCAACGGC,2,22,62.66,50.00,3154,3176
ginoro_11-20_12_RIGHT,GTAGTTCACCCGAATCCCGTTT,2,22,60.61,50.00,3584,3562
ginoro_11-20_13_LEFT,AAAATGCGCCCTGACTTGACAG,1,22,61.97,50.00,3487,3509
ginoro_11-20_13_RIGHT,GCATAATGCCCCTTGTCTCCAC,1,22,61.59,54.55,3867,3845
ginoro_11-20_14_LEFT,ATGACTGGGTTGTGTGTGGAGT,2,22,61.82,50.00,3746,3768
ginoro_11-20_14_RIGHT,ATGTTACAGTCTCAACCGCAGC,2,22,61.19,50.00,4115,4093
ginoro_11-20_15_LEFT,GCCCATCCCTACAACAGGTACT,1,22,61.49,54.55,4007,4029
ginoro_11-20_15_RIGHT,CGCCCCATAGTAGACGCTTCTT,1,22,62.17,54.55,4400,4378
ginoro_11-20_16_LEFT,TGTATGAGAATGCTAAACATATGAAACCCA,2,30,61.43,33.33,4289,4319
ginoro_11-20_16_RIGHT,CCAATTCTGGTGAGGCCGTAAG,2,22,61.26,54.55,4655,4633
ginoro_11-20_17_LEFT,TTGATGCAGATTATACAGCATGGGA,1,25,60.46,40.00,4556,4581
ginoro_11-20_17_RIGHT,GGTCCTTCTGTTTTGTCAGGCC,1,22,61.65,54.55,4974,4952
ginoro_11-20_18_LEFT,TGGTGATGATGAGATTGTGTCAACTG,2,26,61.51,42.31,4863,4889
ginoro_11-20_18_RIGHT,GCCATCCTGGGACATACATTTCC,2,23,61.31,52.17,5276,5253
ginoro_11-20_19_LEFT,GGAAGCTTCACTCCATGGTGAG,1,22,60.94,54.55,5175,5197
ginoro_11-20_19_RIGHT,CACCGGGGGTATTATTTGGGGA,1,22,61.83,54.55,5586,5564
ginoro_11-20_20_LEFT,CGCGACTGCTGGACAAGTTAAT,2,22,61.50,50.00,5482,5504
ginoro_11-20_20_RIGHT,AGGCGCATGGTTTGTTGATTTC,2,22,60.61,45.45,5899,5877
ginoro_11-20_21_LEFT,TGCTGATGTTAGGACTCTAGACCC,1,24,61.17,50.00,5800,5824
ginoro_11-20_21_RIGHT,CCGACCATTTTGGAACTGCACA,1,22,61.91,50.00,6161,6139
ginoro_11-20_22_LEFT,CACTCCCAAATCTGCCATTGAGT,2,23,61.13,47.83,6048,6071
ginoro_11-20_22_RIGHT,CCAAGATGGGGGACAAAAGTGT,2,22,60.76,50.00,6424,6402
ginoro_11-20_23_LEFT,CTCGGTGGTTGTGATTGGCATA,1,22,60.94,50.00,6320,6342
ginoro_11-20_23_RIGHT,TCAGGGTCAACATAGTGGAGCA,1,22,61.09,50.00,6748,6726
ginoro_11-20_24_LEFT,TGCCCTGTCTATTACCACAAGAGT,2,24,61.31,45.83,6651,6675
ginoro_11-20_24_RIGHT,GATACCTTTGGCTTTGGAGGGC,2,22,61.53,54.55,7052,7030
ginoro_11-20_25_LEFT,GCCCAAGCCATAATTGGTGCAA,1,22,62.32,50.00,6949,6971
ginoro_11-20_25_RIGHT,CATGAAGCCACCGGATCTCAAT,1,22,60.75,50.00,7309,7287
ginoro_11-20_26_LEFT,CTGATGCAGCAAGATCTGTGGC,2,22,62.14,54.55,7193,7215
ginoro_11-20_26_RIGHT,TGCGAATAATGGCAACCTGTCTG,2,23,61.73,47.83,7570,7547
ginoro_21-30_1_LEFT,GACGTCGTTCCTACTGCTGCTA,1,22,62.07,54.55,18,40
ginoro_21-30_1_RIGHT,CCACTTTACCTGGTGGCCTTCA,1,22,62.47,54.55,453,431
ginoro_21-30_2_LEFT,ACAGATACTTGATGGACACGCTG,2,23,60.68,47.83,335,358
ginoro_21-30_2_RIGHT,CATAACAGACTCGCCACCAAGC,2,22,61.82,54.55,733,711
ginoro_21-30_3_LEFT,ACATAGGTCAAGGCAAGACGGT,1,22,61.68,50.00,628,650
ginoro_21-30_3_RIGHT,GCACGTTCAAGGGTTTGAGCTT,1,22,62.15,50.00,1051,1029
ginoro_21-30_4_LEFT,GCAAGTTAGAGATGGTTAGGGATGC,2,25,61.49,48.00,949,974
ginoro_21-30_4_RIGHT,CCATATTGACCGAGCTGGGTTG,2,22,61.32,54.55,1340,1318
ginoro_21-30_5_LEFT,CCAGGGATCTCGTGCCAATAGT,1,22,61.87,54.55,1210,1232
ginoro_21-30_5_RIGHT,TCATTTCAGCTTGAGCCTTGGC,1,22,61.72,50.00,1642,1620
ginoro_21-30_6_LEFT,GAATGCCGACCCACACGTAGTA,2,22,62.35,54.55,1547,1569
ginoro_21-30_6_RIGHT,TCGGTCACAATTGAGTGTTAGGG,2,23,60.56,47.83,1917,1894
ginoro_21-30_7_LEFT,TGCTGTGGGACGACTATGGAAT,1,22,61.48,50.00,1819,1841
ginoro_21-30_7_RIGHT,GTGGGCTTCATCACACCCTTAC,1,22,61.20,54.55,2213,2191
ginoro_21-30_8_LEFT,GAAAGACTGCTTCAAGCCCGAT,2,22,61.20,50.00,2102,2124
ginoro_21-30_8_RIGHT,GGGGTCAAAGCTTGCTTGTCTT,2,22,61.60,50.00,2537,2515
ginoro_21-30_9_LEFT,AAGGATTAAAGAATGCTCTATCAGGCT,1,27,60.42,37.04,2407,2434
ginoro_21-30_9_RIGHT,ATCATGACCTATGGGCCCCTTT,1,22,61.25,50.00,2796,2774
ginoro_21-30_10_LEFT,CGTACAGCAGCCATGGCATTAG,2,22,61.94,54.55,2700,2722
ginoro_21-30_10_RIGHT,TCTTCCTCATATCGTTGGCGGT,2,22,61.54,50.00,3062,3040
ginoro_21-30_11_LEFT,GCCGTGGTCTGAGTGATGAAGA,1,22,62.30,54.55,2950,2972
ginoro_21-30_11_RIGHT,CAAACTTTGTGACTCGGCTCCA,1,22,61.32,50.00,3337,3315
ginoro_21-30_12_LEFT,GCCAAAGAGTGAATGGGCAGAT,2,22,61.21,50.00,3236,3258
ginoro_21-30_12_RIGHT,CATCCCTGATTGGCCATGGACA,2,22,62.68,54.55,3660,3638
ginoro_21-30_13_LEFT,AACGGGATTCGGGTGAACTACT,1,22,61.41,50.00,3562,3584
ginoro_21-30_13_RIGHT,CCCCAGGTATGCTGGCTCATAT,1,22,61.69,54.55,3981,3959
ginoro_21-30_14_LEFT,TTGTGAGGTATGGAAGTGGCCC,2,22,62.28,54.55,3877,3899
ginoro_21-30_14_RIGHT,GGTGGTGCCATTCCAATCATCA,2,22,61.21,50.00,4245,4223
ginoro_21-30_15_LEFT,TGTTAGAACAGACAATGGATACCCCA,1,26,61.72,42.31,4117,4143
ginoro_21-30_15_RIGHT,GCATAGATGAGGGGGCCATCTT,1,22,61.96,54.55,4529,4507
ginoro_21-30_16_LEFT,GCTTTTGGCCCATTTTGTGACG,2,22,61.69,50.00,4431,4453
ginoro_21-30_16_RIGHT,CCTCAGACAGTGCACAGAGAGT,2,22,61.66,54.55,4810,4788
ginoro_21-30_17_LEFT,TGTCATCAGGGTCAAAGAGGGG,1,22,61.69,54.55,4709,4731
ginoro_21-30_17_RIGHT,GGGTCCAGAAGATTTGGCGTTC,1,22,61.77,54.55,5095,5073
ginoro_21-30_18_LEFT,TGGATGGACTGGTCTTCTTGCG,2,22,62.57,54.55,4993,5015
ginoro_21-30_18_RIGHT,CGCCATCATCATTTACGAATTCGG,2,24,60.90,45.83,5365,5341
ginoro_21-30_19_LEFT,TCAAGACTGGTGGATTGGAAATGT,1,24,60.45,41.67,5236,5260
ginoro_21-30_19_RIGHT,CAAACAAAACATCACCGGGGGTA,1,23,61.56,47.83,5597,5574
ginoro_21-30_20_LEFT,CGACTGCTGGACAAGTTAATCCT,2,23,60.62,47.83,5483,5506
ginoro_21-30_20_RIGHT,CTTCCAAAGGCACCTCAATGGG,2,22,61.73,54.55,5843,5821
ginoro_21-30_21_LEFT,GCATACCCCCTGGTTTTGGTTC,1,22,61.73,54.55,5732,5754
ginoro_21-30_21_RIGHT,ACCGACCATTTTGGAACTGCAC,1,22,61.91,50.00,6161,6139
ginoro_21-30_22_LEFT,ACTCCCAAATCTGCCATTGAGTT,2,23,60.50,43.48,6048,6071
ginoro_21-30_22_RIGHT,TGCCAATGCCATTTGCCTGAAT,2,22,62.01,45.45,6449,6427
ginoro_21-30_23_LEFT,TGACACAGTTTGGCCATTCTAGC,1,23,61.37,47.83,6347,6370
ginoro_21-30_23_RIGHT,AGTAGGGGCTTGTTCACTAGCA,1,22,61.09,50.00,6709,6687
ginoro_21-30_24_LEFT,TTTTTCATGTCAAAAATGCCAGGTCC,2,26,61.41,38.46,6610,6636
ginoro_21-30_24_RIGHT,AGCAATTGCACCAATTATGGCTTG,2,24,61.16,41.67,6975,6951
ginoro_21-30_25_LEFT,GGGTGTCCAGATTTTATCAATTAAAGCC,1,28,61.10,39.29,6869,6897
ginoro_21-30_25_RIGHT,ACCGGATCTCAATGTGGTAGCA,1,22,61.48,50.00,7299,7277
ginoro_21-30_26_LEFT,GATCTGTGGCAGGAGTTCCAGT,2,22,62.00,54.55,7204,7226
ginoro_21-30_26_RIGHT,TGCGAATAATGGCAACCTGTCT,2,22,60.62,45.45,7569,7547
ginoro_31-40_1_LEFT,GTCTAACGACGCTATTGCCGTT,1,22,61.30,50.00,15,37
ginoro_31-40_1_RIGHT,CCAGCGTCGAAGAGCTTTTCAT,1,22,61.50,50.00,393,371
ginoro_31-40_2_LEFT,GATGCCGAACCAGAACATCAGG,2,22,61.57,54.55,286,308
ginoro_31-40_2_RIGHT,TTCTTGGTATGGAGAAAGCCGC,2,22,60.94,50.00,716,694
ginoro_31-40_3_LEFT,GGGGACATGATAGAGTTCTATGAAGG,1,26,60.30,46.15,604,630
ginoro_31-40_3_RIGHT,TGGTGAAAATCTGGGGTGTCCT,1,22,61.57,50.00,969,947
ginoro_31-40_4_LEFT,GTGATGGCACTTGACGACACAT,2,22,61.44,50.00,865,887
ginoro_31-40_4_RIGHT,CCAATAGCCAAGCCTATGCCAC,2,22,61.65,54.55,1284,1262
ginoro_31-40_5_LEFT,AGTTTCATTGCCTCACTACTACCTGA,1,26,61.71,42.31,1180,1206
ginoro_31-40_5_RIGHT,TGAGGTCACTATGTGTGGGTCG,1,22,61.72,54.55,1600,1578
ginoro_31-40_6_LEFT,AGATAAGAAATTGGCCAGAACTTACATG,2,28,60.17,35.71,1497,1525
ginoro_31-40_6_RIGHT,AGGGGTGCAGTGTCATCTATGG,2,22,61.82,54.55,1923,1901
ginoro_31-40_7_LEFT,AATCCATAGACCACTGGGACGG,1,22,61.55,54.55,1802,1824
ginoro_31-40_7_RIGHT,TTTCCAAATGGTGTGTTGCCCT,1,22,61.22,45.45,2220,2198
ginoro_31-40_8_LEFT,GGTGATGCCAATGCCATTAAGGA,2,23,61.51,47.83,2110,2133
ginoro_31-40_8_RIGHT,TCCTTGATTGTGACAGCACTACC,2,23,60.56,47.83,2541,2518
ginoro_31-40_9_LEFT,GCGCAATGCATTGGTAGGCTAT,1,22,61.97,50.00,2439,2461
ginoro_31-40_9_RIGHT,TCACAAAGGCCATAGCGTTCAA,1,22,60.81,45.45,2850,2828
ginoro_31-40_10_LEFT,CAAGCACAAAGAGCACAACTGC,2,22,61.36,50.00,2751,2773
ginoro_31-40_10_RIGHT,AGAAAACCCGATGGCGAATCTC,2,22,61.00,50.00,3158,3136
ginoro_31-40_11_LEFT,GATCGCCAACGCTATGAGGAAG,1,22,61.43,54.55,3061,3083
ginoro_31-40_11_RIGHT,GGTGGTATGACATGGGTTGTGG,1,22,61.20,54.55,3429,3407
ginoro_31-40_12_LEFT,TAGTTTTGAAGCCCCTCCCTCA,2,22,61.03,50.00,3318,3340
ginoro_31-40_12_RIGHT,CCGGTGAGCAACATTCCTGATT,2,22,61.20,50.00,3699,3677
ginoro_31-40_13_LEFT,ATCAAGAGAGACTCTGGCGAGC,1,22,61.84,54.55,3586,3608
ginoro_31-40_13_RIGHT,CCACCAAGGTAAGCTGGCTCAT,1,22,62.60,54.55,4017,3995
ginoro_31-40_14_LEFT,CGATACTAAGGTATGGGAATGGCC,2,24,60.62,50.00,3908,3932
ginoro_31-40_14_RIGHT,CTCACAAATGAGTTCCCATTCCAGT,2,25,61.27,44.00,4287,4262
ginoro_31-40_15_LEFT,GCATGGAGCTACAGTGATGCTT,1,22,61.00,50.00,4180,4202
ginoro_31-40_15_RIGHT,CCTCTATGGCATTCATACCCACCT,1,24,61.80,50.00,4544,4520
ginoro_31-40_16_LEFT,GTGTACACAAAAATCAAAAAGAGACTGCT,2,29,61.47,34.48,4396,4425
ginoro_31-40_16_RIGHT,ACCTGTGAAGTGCATGGAAAGC,2,22,61.65,50.00,4797,4775
ginoro_31-40_17_LEFT,TGGCACAGGATTTACTCTCCCC,1,22,61.75,54.55,4697,4719
ginoro_31-40_17_RIGHT,CCCTGGTATCCAATGGCATCCT,1,22,61.90,54.55,5085,5063
ginoro_31-40_18_LEFT,GACCTGACAAAACTGATGGCCC,2,22,61.72,54.55,4985,5007
ginoro_31-40_18_RIGHT,ACATAATCGGGCAGGAGATCGC,2,22,62.55,54.55,5385,5363
ginoro_31-40_19_LEFT,ATCTACATTCCTGGTTGGCAGG,1,22,60.09,50.00,5290,5312
ginoro_31-40_19_RIGHT,TCATATTGCCAACCCAGCCATT,1,22,60.63,45.45,5709,5687
ginoro_31-40_20_LEFT,ATCGCCTAACAACACACCAGGT,2,22,62.20,50.00,5596,5618
ginoro_31-40_20_RIGHT,CCAGCAATCACAAAGGGGTCAG,2,22,61.72,54.55,6001,5979
ginoro_31-40_21_LEFT,TGACAACACACCAACCATGAGG,1,22,61.01,50.00,5905,5927
ginoro_31-40_21_RIGHT,CCCCTGATTTTACACAGCTGGC,1,22,61.78,54.55,6265,6243
ginoro_31-40_22_LEFT,CCATGGGCAGATGGTTCAGTTT,2,22,61.15,50.00,6163,6185
ginoro_31-40_22_RIGHT,TTTGTGTCCATCACTGACGGGT,2,22,62.13,50.00,6575,6553
ginoro_31-40_23_LEFT,ACCTTGGTACCATACAGGCAGA,1,22,60.83,50.00,6474,6496
ginoro_31-40_23_RIGHT,TTAGGCACACACGTCATGAAGC,1,22,61.44,50.00,6889,6867
ginoro_31-40_24_LEFT,TTTTGTCAATGAACAGGCCCCT,2,22,60.69,45.45,6763,6785
ginoro_31-40_24_RIGHT,CTTTGGTGTTGTAGGGCAGCTT,2,22,61.34,50.00,7125,7103
ginoro_31-40_25_LEFT,GCTCGTAGGCTTGGGATTAGGA,1,22,61.60,54.55,6995,7017
ginoro_31-40_25_RIGHT,GGTACGGTCATGAAACCACCAG,1,22,61.19,54.55,7395,7373
ginoro_31-40_26_LEFT,CCCGCAACTCGTGTCATTGATT,2,22,61.76,50.00,7300,7322
ginoro_31-40_26_RIGHT,TTACCCCTGTTCGCGAATAAGG,2,22,60.42,50.00,7668,7646
