ref,amp_name,start,end,lprimer,rprimer,lseq,rseq,pool
KC464497.1|GII.12,Amp_1,3,484,gii12noro_1_LEFT,gii12noro_1_RIGHT,AAGATGGCCTCTAACGACGCTT,TAATAGCCGCTGGTGGTTTGTG,1
KC464497.1|GII.12,Amp_2,359,881,gii12noro_2_LEFT,gii12noro_2_RIGHT,CAGGGATGCTAAAGAACCGCTG,GTCCAGTCGCAGGAAGCTAGTA,2
KC464497.1|GII.12,Amp_3,746,1281,gii12noro_3_LEFT,gii12noro_3_RIGHT,TGATTCCAAATTGAAAAAGGTGGCT,GAGCAGGGTGGTCATGTGATTG,1
KC464497.1|GII.12,Amp_4,1159,1638,gii12noro_4_LEFT,gii12noro_4_RIGHT,TGGTCATGAAATGGTTCTTCCCG,CCAAAGGACGACTCTCTCACCT,2
KC464497.1|GII.12,Amp_5,1504,1999,gii12noro_5_LEFT,gii12noro_5_RIGHT,GGAAGACCCATCTTGCCAGAGA,GTGGGGTGTTGCCGTTCTTATC,1
KC464497.1|GII.12,Amp_6,1867,2383,gii12noro_6_LEFT,gii12noro_6_RIGHT,ACGCTGAAAAGGCAAAACGAGA,CGCCAGTTAGCTCATTGTTGGT,2
KC464497.1|GII.12,Amp_7,2251,2784,gii12noro_7_LEFT,gii12noro_7_RIGHT,ACATTGCAATTAGAAGGTGCCAGA,GTCTCTGTCCTGGAGGTATTCTTCT,1
KC464497.1|GII.12,Amp_8,2660,3136,gii12noro_8_LEFT,gii12noro_8_RIGHT,TGGCAAGAAACACACAGCCTTT,CCCCTTGAGGTATGACATGGGT,2
KC464497.1|GII.12,Amp_9,2998,3537,gii12noro_9_LEFT,gii12noro_9_RIGHT,GTGTCGATTACAATGAAAAGCTCAGT,ACAGATGACAGTGTTCCCTCCG,1
KC464497.1|GII.12,Amp_10,3404,3925,gii12noro_10_LEFT,gii12noro_10_RIGHT,CAACGCCAAGAGCATGGATTTG,AGGTTGTTTTGTCGAGGGATGC,2
KC464497.1|GII.12,Amp_11,3797,4311,gii12noro_11_LEFT,gii12noro_11_RIGHT,TAAGCCACCAAAGCCCAGTGTA,CCACCGAGAGTAGTCTGCATCA,1
KC464497.1|GII.12,Amp_12,4190,4701,gii12noro_12_LEFT,gii12noro_12_RIGHT,CAAGGCTCACTGTGTCACACTC,TTCAGTCTTGTCAGGACGGGTT,2
KC464497.1|GII.12,Amp_13,4564,5025,gii12noro_13_LEFT,gii12noro_13_RIGHT,TCATCCAAGCAAACTCACTCTTCT,CCATCGAAACATTGGCTCTTGC,1
KC464497.1|GII.12,Amp_14,4904,5421,gii12noro_14_LEFT,gii12noro_14_RIGHT,AGGTGAAGCTGCATTACATGGC,TTCCCAGCCAGTAGTACTTGCA,2
KC464497.1|GII.12,Amp_15,5297,5780,gii12noro_15_LEFT,gii12noro_15_RIGHT,CGCCTGGGGAAGTCCTACTAAA,AGATGGGGAGTGTGAAGGGTTT,1
KC464497.1|GII.12,Amp_16,5645,6140,gii12noro_16_LEFT,gii12noro_16_RIGHT,GGTCTAATGGTTCTGGTGATGATGT,TCACTGCATCATGGCTCCTACA,2
KC464497.1|GII.12,Amp_17,6011,6539,gii12noro_17_LEFT,gii12noro_17_RIGHT,ACGGAACCCCTTTTGATCCAAC,TTGCTTCAAATAGGACACGCCC,1
KC464497.1|GII.12,Amp_18,6415,6870,gii12noro_18_LEFT,gii12noro_18_RIGHT,ATTGATTGTCTCTTGCCCCAAGA,GGCTTGAATTTGAGCTTGCAGC,2
KC464497.1|GII.12,Amp_19,6741,7271,gii12noro_19_LEFT,gii12noro_19_RIGHT,GGTATTGGCTCACTCGTGAACG,CGTACCCAATCACTAGTCCGAGA,1
KC464497.1|GII.12,Amp_20,7016,7471,gii12noro_20_LEFT,gii12noro_20_RIGHT,CGGAGCCATGAAAACAACTGCT,AAACTTGTGACTCCCCTCTCCG,2
KY947548.1|GII.P16_GII.13,Amp_21,0,470,gii13noro_1_LEFT,gii13noro_1_RIGHT,TGAATGAAGATGGCGTCTAACGA,GGTTTGTGCACACCCAACACTA,1
KY947548.1|GII.P16_GII.13,Amp_22,293,802,gii13noro_2_LEFT,gii13noro_2_RIGHT,AACAGTCCCTCAACCGGATGTG,ACAACGTGGACAATGAGCACAG,2
KY947548.1|GII.P16_GII.13,Amp_23,654,1109,gii13noro_3_LEFT,gii13noro_3_RIGHT,GACTCATGGCTTAGCAGGAGGA,GTTGATGCTGCTGAGGACAACA,1
KY947548.1|GII.P16_GII.13,Amp_24,950,1459,gii13noro_4_LEFT,gii13noro_4_RIGHT,TGTGTCTGCTATGATCGCTCCT,TGCTAGACAACTCCTCCTTGGC,2
KY947548.1|GII.P16_GII.13,Amp_25,1309,1793,gii13noro_5_LEFT,gii13noro_5_RIGHT,TGAAAACACTAGACATGGAGGAGGA,GGATTGGCGAGGTTTGTTGTGA,1
KY947548.1|GII.P16_GII.13,Amp_26,1648,2140,gii13noro_6_LEFT,gii13noro_6_RIGHT,GCATGAGCAACCCCATTCATGA,CAGCGATTCTGTTCCGGTCAAA,2
KY947548.1|GII.P16_GII.13,Amp_27,1992,2510,gii13noro_7_LEFT,gii13noro_7_RIGHT,ACCCCACATGGAAAAGGAGTGA,ATGTTCATGCGGCGTACTATGC,1
KY947548.1|GII.P16_GII.13,Amp_28,2347,2826,gii13noro_8_LEFT,gii13noro_8_RIGHT,ACACCTCCGTACAGACCAACAA,GAAGTCTTCTTCCGTGGCCTTG,2
KY947548.1|GII.P16_GII.13,Amp_29,2666,3169,gii13noro_9_LEFT,gii13noro_9_RIGHT,TACTGCATTCTCTAGCAAGGGC,CCTGGATTTGCTTGATGGGGAC,1
KY947548.1|GII.P16_GII.13,Amp_30,3006,3533,gii13noro_10_LEFT,gii13noro_10_RIGHT,GAGAAACTGGACTTTGAGGCCC,GCACAGATGACGGTGTTTCCAC,2
KY947548.1|GII.P16_GII.13,Amp_31,3377,3828,gii13noro_11_LEFT,gii13noro_11_RIGHT,GGGTATGTTGCTCACTGGTTCA,TTTGGCTGCTTCCAACACACTT,1
KY947548.1|GII.P16_GII.13,Amp_32,3648,4182,gii13noro_12_LEFT,gii13noro_12_RIGHT,TTTTGGAGGTCATCGAACACGC,CTCATCCATGAGCCCACCAAAG,2
KY947548.1|GII.P16_GII.13,Amp_33,4037,4545,gii13noro_13_LEFT,gii13noro_13_RIGHT,GACACCAGTGTATACAGCAGCC,TTTGGTGACTTCAGACAAGGCG,1
KY947548.1|GII.P16_GII.13,Amp_34,4378,4854,gii13noro_14_LEFT,gii13noro_14_RIGHT,TGGCACAAATAGTCGCTGAGGA,TGTCTCGTTGGGGTCTTCATGA,2
KY947548.1|GII.P16_GII.13,Amp_35,4696,5175,gii13noro_15_LEFT,gii13noro_15_RIGHT,GACCCCTGATCATCAGTGAGGA,ACGGGTTCCAATGGCATAGTCT,1
KY947548.1|GII.P16_GII.13,Amp_36,5022,5472,gii13noro_16_LEFT,gii13noro_16_RIGHT,AGGTTTTCTGACTTGAGCACGTG,TCTACAGGAAAGTTGGGTGGGA,2
KY947548.1|GII.P16_GII.13,Amp_37,5323,5842,gii13noro_17_LEFT,gii13noro_17_RIGHT,GGACCAGATTTGAATCCTTATTTGGC,ATTTGGGGCCGTATACAGTTGC,1
KY947548.1|GII.P16_GII.13,Amp_38,5691,6176,gii13noro_18_LEFT,gii13noro_18_RIGHT,TAGGCCAACCCCTGACTTTGAA,TTGGGGTGAATCTTCCACTGGT,2
KY947548.1|GII.P16_GII.13,Amp_39,6025,6490,gii13noro_19_LEFT,gii13noro_19_RIGHT,ACTGATGAAGTACCAGCACCCT,GGAGGGAGCAGCCTCTTGATAA,1
KY947548.1|GII.P16_GII.13,Amp_40,6321,6800,gii13noro_20_LEFT,gii13noro_20_RIGHT,AAACACCAATTTGGCACCTGCT,TGATTGATGGCATTGGCTCCTG,2
KY947548.1|GII.P16_GII.13,Amp_41,6653,7124,gii13noro_21_LEFT,gii13noro_21_RIGHT,AATTCTACTCACTCGCCCCCAT,CGCTGAGATGAATTGGAAGGGG,1
KY947548.1|GII.P16_GII.13,Amp_42,6916,7376,gii13noro_22_LEFT,gii13noro_22_RIGHT,TTAAGCATGGGGTTTTGACCGC,ACAGGTGTCCAGGAGTCCAAAA,2
GU594162.1|GII.14,Amp_43,1,508,gii14noro_1_LEFT,gii14noro_1_RIGHT,TGAATGAAGATGGCGTCTAACCG,TATCGTCGCGAGGCTTATAGCA,1
GU594162.1|GII.14,Amp_44,380,876,gii14noro_2_LEFT,gii14noro_2_RIGHT,CTGAACCACTTCCTGGCACAAT,GCAAGCAAGTGTAGCAGGTTCA,2
GU594162.1|GII.14,Amp_45,741,1234,gii14noro_3_LEFT,gii14noro_3_RIGHT,CCTCCCAACCGTTGATGATGGA,GATCGCCCTCAAGGTTTCCATC,1
GU594162.1|GII.14,Amp_46,1076,1541,gii14noro_4_LEFT,gii14noro_4_RIGHT,CCGCTGAGAAGATAGGCCGTAT,CCAAATGTCTTGCCATGTGGGT,2
GU594162.1|GII.14,Amp_47,1421,1929,gii14noro_5_LEFT,gii14noro_5_RIGHT,CTGCTGCCAGATCCCTTCTACA,TCTTTCCACATGTCAGGTTGGC,1
GU594162.1|GII.14,Amp_48,1805,2326,gii14noro_6_LEFT,gii14noro_6_RIGHT,CGCCCCTCGATTATGTGAACTT,ACCGTTGGAAGAGACTCGATACT,2
GU594162.1|GII.14,Amp_49,2201,2667,gii14noro_7_LEFT,gii14noro_7_RIGHT,GAGTAGGTGCGGCACTCAAAAA,GTGTGTTTCTTGCCCCTTCCTT,1
GU594162.1|GII.14,Amp_50,2538,3029,gii14noro_8_LEFT,gii14noro_8_RIGHT,AACCGAGACCCAGGATGTGAAT,GGGGCGCTTCAAAATCAAGTCT,2
GU594162.1|GII.14,Amp_51,2908,3421,gii14noro_9_LEFT,gii14noro_9_RIGHT,TTAGTCACCGGCACAGACATCA,GCCAAGATCCATGTTCTTCGCA,1
GU594162.1|GII.14,Amp_52,3292,3756,gii14noro_10_LEFT,gii14noro_10_RIGHT,ACAGGTGAGATGATCCCCTTGG,CTCATGACTTGCTGCAGGGAAG,2
GU594162.1|GII.14,Amp_53,3618,4137,gii14noro_11_LEFT,gii14noro_11_RIGHT,GGCACCTAAACTCAGCACGAAG,GTTCCAAGGTCCGATCCCCATA,1
GU594162.1|GII.14,Amp_54,4003,4478,gii14noro_12_LEFT,gii14noro_12_RIGHT,GCCAACCTCATGTATGAACAGGC,TACATGGGACTCCTGATGGCAG,2
GU594162.1|GII.14,Amp_55,4350,4827,gii14noro_13_LEFT,gii14noro_13_RIGHT,GGTGCGATTTTCTGCTGAACCA,GGCCCCCTTGTCCAGTATAGTT,1
GU594162.1|GII.14,Amp_56,4704,5175,gii14noro_14_LEFT,gii14noro_14_RIGHT,CATAACTGAAGACCTCACCGGC,CGACGGGTTCAAGAGCCATAAC,2
GU594162.1|GII.14,Amp_57,5023,5512,gii14noro_15_LEFT,gii14noro_15_RIGHT,TTTTCTGACCTCAGCACATGGG,ATCACATGGGGGCACATAGTCA,1
GU594162.1|GII.14,Amp_58,5390,5869,gii14noro_16_LEFT,gii14noro_16_RIGHT,GTGCAGATAGTACTGGCTGGGA,CCGTTTTGGGGTTGGACAATGA,2
GU594162.1|GII.14,Amp_59,5747,6262,gii14noro_17_LEFT,gii14noro_17_RIGHT,ACTAAGAATTTCACCCTTCCCGTT,GGGTGCTGATCATCCACATTGA,1
GU594162.1|GII.14,Amp_60,6131,6585,gii14noro_18_LEFT,gii14noro_18_RIGHT,ATTGACACTGCGGGTGACACAT,TAGGGTGATCTCCAGATGCTGC,2
GU594162.1|GII.14,Amp_61,6459,6911,gii14noro_19_LEFT,gii14noro_19_RIGHT,CGGCTCCTTCCCAATCTGACAT,ATGCCTCCCGCTTGATGTCTAT,1
GU594162.1|GII.14,Amp_62,6789,7308,gii14noro_20_LEFT,gii14noro_20_RIGHT,GTATGACTTCAACAGACAGCTCCA,AACGGGCCAAGCATCTCATTTT,2
GU594162.1|GII.14,Amp_63,7031,7482,gii14noro_21_LEFT,gii14noro_21_RIGHT,GCTATTCAGGTACATTTGCCTCCC,TAAATCTGTGACTCCCCTCGCC,1
KP998539.1|GII.17,Amp_64,1,475,gii17noro_1_LEFT,gii17noro_1_RIGHT,TGAATGAAGATGGCGTCTAACGA,TTTGTGTACTCCGAGCACATGC,1
KP998539.1|GII.17,Amp_65,313,814,gii17noro_2_LEFT,gii17noro_2_RIGHT,CCTGACGCACAAAACACAGCTT,AGTGAAGAGTGAGGAGAGAGCG,2
KP998539.1|GII.17,Amp_66,652,1122,gii17noro_3_LEFT,gii17noro_3_RIGHT,GACCTCAACGACTCCTGGCTTA,CTAAGTGTGGTCGCAGCTGATG,1
KP998539.1|GII.17,Amp_67,964,1460,gii17noro_4_LEFT,gii17noro_4_RIGHT,GCGATGATTGCTCCCTTACTCG,AGAGCTCCTCCTTAGCCTTGTG,2
KP998539.1|GII.17,Amp_68,1302,1801,gii17noro_5_LEFT,gii17noro_5_RIGHT,CCTGGCCACATACATGAGGACT,TGGGTTTGCAAGGTTGGTTGTT,1
KP998539.1|GII.17,Amp_69,1653,2134,gii17noro_6_LEFT,gii17noro_6_RIGHT,TGGTATGAGCAACCCTATACAGGA,GCGGTCAAAATTGAAGGTTGGC,2
KP998539.1|GII.17,Amp_70,1974,2478,gii17noro_7_LEFT,gii17noro_7_RIGHT,GGGAGGTTTTGACAAAAATGGCA,GCACCAGCAATTTGGAGTAGAGA,1
KP998539.1|GII.17,Amp_71,2324,2850,gii17noro_8_LEFT,gii17noro_8_RIGHT,GGGGCAAGGTTGTGGTTGAAAA,TCCTCCTCACAGAAGTCCTCCT,2
KP998539.1|GII.17,Amp_72,2691,3160,gii17noro_9_LEFT,gii17noro_9_RIGHT,TTCCAAGGGCCTCAGTGATGAA,TCCAAAGGCCTCAGTGATTCCT,1
KP998539.1|GII.17,Amp_73,3002,3494,gii17noro_10_LEFT,gii17noro_10_RIGHT,GGAGCGTGGATTACAATGAGAGG,CCACAAGGTCATTGCCCCTTTT,2
KP998539.1|GII.17,Amp_74,3336,3806,gii17noro_11_LEFT,gii17noro_11_RIGHT,AATGGGGACTCATGCCACAATG,TCCCTCTGGGCTCTGTAAAAGG,1
KP998539.1|GII.17,Amp_75,3659,4144,gii17noro_12_LEFT,gii17noro_12_RIGHT,AATTCTGGAGATCCTCTAACGCAC,GTCAGAACCCCACAGGAGTCTT,2
KP998539.1|GII.17,Amp_76,3988,4483,gii17noro_13_LEFT,gii17noro_13_RIGHT,ACAGGAAAACTTGCAGATCAGGC,GCCAGATGGTAGGCCTTCATTG,1
KP998539.1|GII.17,Amp_77,4296,4796,gii17noro_14_LEFT,gii17noro_14_RIGHT,TGATGCTGATTACTCCCGCTGG,ACTTTCCAAACCAACCTGCTGG,2
KP998539.1|GII.17,Amp_78,4639,5133,gii17noro_15_LEFT,gii17noro_15_RIGHT,GACCCAGAGAAATTGACCGCAA,CATCATTAGATGGAGCGGCGTC,1
KP998539.1|GII.17,Amp_79,4982,5502,gii17noro_16_LEFT,gii17noro_16_RIGHT,AGGGAGGAATGGATTTTTATGTGCC,GGGCTGGGCTTAAGAATTCCAC,2
KP998539.1|GII.17,Amp_80,5350,5866,gii17noro_17_LEFT,gii17noro_17_RIGHT,CCCTTATTTGGCTCATTTGTCAAGG,TGCAACACATTATTCTGGGCGG,1
KP998539.1|GII.17,Amp_81,5706,6186,gii17noro_18_LEFT,gii17noro_18_RIGHT,GGCCTACTCCTGATTTTGAGTTCA,TGGGGACAAATTGGGGGCTATA,2
KP998539.1|GII.17,Amp_82,6029,6498,gii17noro_19_LEFT,gii17noro_19_RIGHT,GACCCAACTGATGATGTGCCAG,GGGAGGGTGCTGATTCCTGATA,1
KP998539.1|GII.17,Amp_83,6351,6857,gii17noro_20_LEFT,gii17noro_20_RIGHT,CCCCAGTTGCTCCAAATTTTCCT,GCTGAAAGGAAGCAGACTGGAG,2
KP998539.1|GII.17,Amp_84,6699,7152,gii17noro_21_LEFT,gii17noro_21_RIGHT,GAAGGAGGGCTCAGTAATGGCT,GAAGGAGCTAGAGACCTAGGCT,1
KP998539.1|GII.17,Amp_85,6998,7454,gii17noro_22_LEFT,gii17noro_22_RIGHT,CAAAGGTGCTTGACTGGTCTGG,GCGGCTGTCTGTGTGTGTTAAA,2
KX079488.1|GII.21,Amp_86,0,550,gii21noro_1_LEFT,gii21noro_1_RIGHT,GTGAATGAAGATGGCGTCTAACGA,GAGGTACTGTGGGGTGTACACA,1
KX079488.1|GII.21,Amp_87,422,890,gii21noro_2_LEFT,gii21noro_2_RIGHT,ATGGCTTATATGTGGAACGAGGATT,TGCCTGCAAAAGTCCAATCACA,2
KX079488.1|GII.21,Amp_88,766,1219,gii21noro_3_LEFT,gii21noro_3_RIGHT,GCCAATGTTCTCCTCTGTGCTC,GGATCTCACCATTGCCAATTCGT,1
KX079488.1|GII.21,Amp_89,1091,1614,gii21noro_4_LEFT,gii21noro_4_RIGHT,CATCTGCTGCTTCAACCCTGAG,TTGTATGCATCCCAGTGGTCGA,2
KX079488.1|GII.21,Amp_90,1462,1977,gii21noro_5_LEFT,gii21noro_5_RIGHT,CGACCGGTCGTTGTGATGATTT,TCAAAACCTCCTTGTGGGGCTA,1
KX079488.1|GII.21,Amp_91,1847,2329,gii21noro_6_LEFT,gii21noro_6_RIGHT,TCTATGCTGATGCCCCTGAAGT,ACACACATTGCCTTTGCCATCA,2
KX079488.1|GII.21,Amp_92,2191,2641,gii21noro_7_LEFT,gii21noro_7_RIGHT,GTCGGATCACAACTCAAGAATGTCA,TCCTTTCTTGCCCTCGGTTTTG,1
KX079488.1|GII.21,Amp_93,2503,2998,gii21noro_8_LEFT,gii21noro_8_RIGHT,AACATACAAAACCTATGGTCCAAACC,ACTCCTGTCATCATCAGCCCAT,2
KX079488.1|GII.21,Amp_94,2869,3354,gii21noro_9_LEFT,gii21noro_9_RIGHT,AGACCAACAAGAAAGCAACGCA,ATTTTCATGGTCGCGTGGGTAC,1
KX079488.1|GII.21,Amp_95,3222,3704,gii21noro_10_LEFT,gii21noro_10_RIGHT,GACAGATGTCACGGGCATGATC,AAGCTGGTTCATAGGTTCCGGG,2
KX079488.1|GII.21,Amp_96,3566,4073,gii21noro_11_LEFT,gii21noro_11_RIGHT,TAGAGGGTGGCGACAATAAGGG,CGTCCTTCAGAGCTCCTGTGTA,1
KX079488.1|GII.21,Amp_97,3948,4400,gii21noro_12_LEFT,gii21noro_12_RIGHT,GAAGAACGAGTGCTGGAACGGA,CTGCAACTACTTGGGCCAGATG,2
KX079488.1|GII.21,Amp_98,4268,4796,gii21noro_13_LEFT,gii21noro_13_RIGHT,CCAGATACAGATACCATTATGATGCAGA,TTTGGTCCAGTTTGCCAAACCA,1
KX079488.1|GII.21,Amp_99,4674,5124,gii21noro_14_LEFT,gii21noro_14_RIGHT,ACCAACCCGTCCTGATAAAACAG,CATCATTAGATGGAGCGGCGTC,2
KX079488.1|GII.21,Amp_100,4993,5458,gii21noro_15_LEFT,gii21noro_15_RIGHT,GTGCCCAGACAAGAACCAATGT,GGGACTGCTGCAAAAAGGATCT,1
KX079488.1|GII.21,Amp_101,5322,5822,gii21noro_16_LEFT,gii21noro_16_RIGHT,AGCTAGGGCCAGATCTTAATCCA,GATCGGGGCTGGGAATCTAGAA,2
KX079488.1|GII.21,Amp_102,5693,6208,gii21noro_17_LEFT,gii21noro_17_RIGHT,ACCAGACCTACTCCGGACTTTG,TGCACTTGGTGTAAGCCAATTGT,1
KX079488.1|GII.21,Amp_103,6070,6564,gii21noro_18_LEFT,gii21noro_18_RIGHT,GGGCATTCTGTATGGGGTGTTG,GCCTATGCAGTTTGGCCTCAAA,2
KX079488.1|GII.21,Amp_104,6433,6924,gii21noro_19_LEFT,gii21noro_19_RIGHT,TTGCCTGATCCCACAAGAATGG,CCTGCTTTGATGGCCATCATGT,1
KX079488.1|GII.21,Amp_105,6794,7277,gii21noro_20_LEFT,gii21noro_20_RIGHT,ACCAAAAAGTTGAATATGACCTCACCA,TCCTCTGACTTCGAACCCAGTC,2
KX079488.1|GII.21,Amp_106,7023,7473,gii21noro_21_LEFT,gii21noro_21_RIGHT,GGCACCCAATTCAACCAAAACA,TCTTTTCACTAGGCTTGTGACTCC,1
LC209450.1|GII.P16_GII.2,Amp_107,29,575,gii2noro_1_LEFT,gii2noro_1_RIGHT,TGCTTGCAACAACAACAACGAC,TCTCCGTTGAGCCTCTTGAGAG,1
LC209450.1|GII.P16_GII.2,Amp_108,450,960,gii2noro_2_LEFT,gii2noro_2_RIGHT,CACAAACCACCCGCAGCTATAA,GGGAGCGATCATAGCAGACACA,2
LC209450.1|GII.P16_GII.2,Amp_109,838,1299,gii2noro_3_LEFT,gii2noro_3_RIGHT,TCTTAAACATTCTGGCAACGTGTG,CATGTAGGTTGCAAGGCTGTCT,1
LC209450.1|GII.P16_GII.2,Amp_110,1178,1667,gii2noro_4_LEFT,gii2noro_4_RIGHT,AGAAGCCAATGAACTAGCCATGG,CGCAGTGCATCATGAATAGGGT,2
LC209450.1|GII.P16_GII.2,Amp_111,1540,1990,gii2noro_5_LEFT,gii2noro_5_RIGHT,TCACAGGAGATCAAAGAGTTGGACT,CATGTGGGGTGTTGCCATTCTT,1
LC209450.1|GII.P16_GII.2,Amp_112,1855,2360,gii2noro_6_LEFT,gii2noro_6_RIGHT,AAGTGGAAAAGGCAAAACGGGA,TCGTTGTTGGTCTGAACAGTGG,2
LC209450.1|GII.P16_GII.2,Amp_113,2238,2701,gii2noro_7_LEFT,gii2noro_7_RIGHT,AATGTGTCCATCAAGAGGTGCC,ACTCGTCATACTCCTCATCGCT,1
LC209450.1|GII.P16_GII.2,Amp_114,2577,3037,gii2noro_8_LEFT,gii2noro_8_RIGHT,GAATTCATCATCTCCTCCAAGGACA,TCCTAGACCATATGCTTGGGGG,2
LC209450.1|GII.P16_GII.2,Amp_115,2900,3350,gii2noro_9_LEFT,gii2noro_9_RIGHT,AGTGACTGGTTCGGAAATCAGAAA,ATGCGGCCCTGAATTTTCATGG,1
LC209450.1|GII.P16_GII.2,Amp_116,3222,3690,gii2noro_10_LEFT,gii2noro_10_RIGHT,ATGATCCTGGAAGAAGGTGCGC,GTAGGCAGGCTCATATGTCCCT,2
LC209450.1|GII.P16_GII.2,Amp_117,3567,4055,gii2noro_11_LEFT,gii2noro_11_RIGHT,AAAGGAACATACTGTGGGGCAC,TCCTTAAGGGCTGCTGTGTACA,1
LC209450.1|GII.P16_GII.2,Amp_118,3918,4415,gii2noro_12_LEFT,gii2noro_12_RIGHT,CCCCATCACGCTCGAAAGAATG,ACATCTACTACACTGGGGGCCA,2
LC209450.1|GII.P16_GII.2,Amp_119,4290,4771,gii2noro_13_LEFT,gii2noro_13_RIGHT,TGGGACTCAACACAACAGAGGG,ACTTTCCAAACCAACCAGCTGG,1
LC209450.1|GII.P16_GII.2,Amp_120,4651,5104,gii2noro_14_LEFT,gii2noro_14_RIGHT,GTCTAAAACCAACTCGCCCAGA,AGTAGATGGAGCGGCGTCATTC,2
LC209450.1|GII.P16_GII.2,Amp_121,4972,5489,gii2noro_15_LEFT,gii2noro_15_RIGHT,TTTACGTGCCAAGACAGGAACC,ACATGGTAATTTGCTGTGGGCT,1
LC209450.1|GII.P16_GII.2,Amp_122,5351,5826,gii2noro_16_LEFT,gii2noro_16_RIGHT,TGTATAACGGGTATGCCGGTGG,GGGCTGGTGTACATCTGGTCTA,2
LC209450.1|GII.P16_GII.2,Amp_123,5697,6208,gii2noro_17_LEFT,gii2noro_17_RIGHT,TGATTTCACATATCTGGTGCCACC,AGTCTGCCATGTGCCAATTTGA,1
LC209450.1|GII.P16_GII.2,Amp_124,6083,6568,gii2noro_18_LEFT,gii2noro_18_RIGHT,GAGACAAACACAACACCCCTGG,TGTCATGAAACCAGCTCTGTGG,2
LC209450.1|GII.P16_GII.2,Amp_125,6435,6901,gii2noro_19_LEFT,gii2noro_19_RIGHT,ACAAGAGTGGGTGCAACATTTCT,CCATCATATCTGCCTGCAGCTG,1
LC209450.1|GII.P16_GII.2,Amp_126,6771,7221,gii2noro_20_LEFT,gii2noro_20_RIGHT,GCTAATGCAATAAATCAGAGGGCAG,TGTGCTGCGAGTCGAATTTGAT,2
LC209450.1|GII.P16_GII.2,Amp_127,7044,7494,gii2noro_21_LEFT,gii2noro_21_RIGHT,TCTGGGAGATTCACATCAACCGC,TAAATTTTCACCTTTTCACTAAACCTGTGA,1
KC597140.1|GII.3,Amp_128,0,551,gii3noro_1_LEFT,gii3noro_1_RIGHT,ACCGCAAAATCTTCAAGTGACAGA,TTGTCAAAGGCTGTGTAGGGGA,1
KC597140.1|GII.3,Amp_129,399,939,gii3noro_2_LEFT,gii3noro_2_RIGHT,CATAAACCACCAGCCGCCATTA,GGGTCCTTGCAACTCGTAGTCA,2
KC597140.1|GII.3,Amp_130,787,1413,gii3noro_3_LEFT,gii3noro_3_RIGHT,TCCTCAATATTTTGGCCTCATGTGA,GACAACAGGTCTTGGTCTGCTG,1
KC597140.1|GII.3,Amp_131,1267,1859,gii3noro_4_LEFT,gii3noro_4_RIGHT,AGGAGAAGGCCAGGAAACTCTC,GCGTTCTTCCACATGTCAGGTT,2
KC597140.1|GII.3,Amp_132,1708,2258,gii3noro_5_LEFT,gii3noro_5_RIGHT,TCACCACTAATCTGGCCAACCC,CCCTTGCCATCAGACTCAAGTG,1
KC597140.1|GII.3,Amp_133,2109,2685,gii3noro_6_LEFT,gii3noro_6_RIGHT,GGGTTGATGGACACGATGAGAG,GCCGTTTCTTTCATCTCTGATCCT,2
KC597140.1|GII.3,Amp_134,2529,3069,gii3noro_7_LEFT,gii3noro_7_RIGHT,GAGGAGCTCGTCATTTCATCCG,CTGGGGTATGACATGGGTTGATG,1
KC597140.1|GII.3,Amp_135,2918,3473,gii3noro_8_LEFT,gii3noro_8_RIGHT,GGCTGATGATGACAGAAGTGTGG,CATATGACAGTGTTTCCCCCGC,2
KC597140.1|GII.3,Amp_136,3327,3867,gii3noro_9_LEFT,gii3noro_9_RIGHT,CTCCTGACAGGATCCAACGCTA,GCTGGAAGTGGTCTTGTCAAGG,1
KC597140.1|GII.3,Amp_137,3709,4339,gii3noro_10_LEFT,gii3noro_10_RIGHT,TGAAACCATTCACAGAGCCCAG,CTGCGACTACCTGAGCCAAATG,2
KC597140.1|GII.3,Amp_138,4068,4614,gii3noro_11_LEFT,gii3noro_11_RIGHT,TCGGATCTAGCGACCATGATCC,CTTCAGCCCGTATTCCTTGAGT,1
KC597140.1|GII.3,Amp_139,4452,5028,gii3noro_12_LEFT,gii3noro_12_RIGHT,CTTCTCACTCTCTGTGCGCTCT,TTCATTCACAAAGCTGGGAGCC,2
KC597140.1|GII.3,Amp_140,4875,5457,gii3noro_13_LEFT,gii3noro_13_RIGHT,AGCAAGATCAGTAAGCTAGTCATTGC,ATTACATGCGGGCACATTGTGA,1
KC597140.1|GII.3,Amp_141,5302,5877,gii3noro_14_LEFT,gii3noro_14_RIGHT,AGAATGTATAATGGTTATGCAGGTGGA,GCGCAGATTTGACTCGGTAAGA,2
KC597140.1|GII.3,Amp_142,5725,6337,gii3noro_15_LEFT,gii3noro_15_RIGHT,TCTGAAATGTCTAATTCTAGGTTTCCAGT,CTCACCAGGGAAGTTAGGAGCA,1
KC597140.1|GII.3,Amp_143,6189,6756,gii3noro_16_LEFT,gii3noro_16_RIGHT,TGAAAACAAACCAACCAGATTCACC,AGCATTAGCCCCTGCATTAACT,2
KC597140.1|GII.3,Amp_144,6609,7192,gii3noro_17_LEFT,gii3noro_17_RIGHT,GGTGAACCCCTTTTACACACTTGC,TAACTGTAGACCCGCTGGATCG,1
KC597140.1|GII.3,Amp_145,6609,7192,gii3noro_17_LEFT,gii3noro_17_RIGHT,GGTGAACCCCTTTTACACACTTGC,TAACTGTAGACCCGCTGGATCG,1
MG214988.1|GII.4,Amp_146,0,540,gii4noro_1_LEFT,gii4noro_1_RIGHT,GTGAATGAAAATGGCGTCTAACGA,GGGGTGTATACAGGTCTCCAGAA,1
MG214988.1|GII.4,Amp_147,379,888,gii4noro_2_LEFT,gii4noro_2_RIGHT,ACTGGAACAATCATTGAAATGTGGGA,CCTGCGAAGGTCCAATCACATG,2
MG214988.1|GII.4,Amp_148,725,1250,gii4noro_3_LEFT,gii4noro_3_RIGHT,AACCCCTCCCCACTATGGATGA,TTGCCTCGAGGTCTAGTACTGC,1
MG214988.1|GII.4,Amp_149,1069,1521,gii4noro_4_LEFT,gii4noro_4_RIGHT,GAGAAGATCGGAAAGATGCTGTCA,CTGGCAAGGTGAGTTTTCCCTA,2
MG214988.1|GII.4,Amp_150,1349,1830,gii4noro_5_LEFT,gii4noro_5_RIGHT,CAACCAAATCTGCTTCACCCGA,CTCGAGCACGCTTCAAAGTTGA,1
MG214988.1|GII.4,Amp_151,1672,2192,gii4noro_6_LEFT,gii4noro_6_RIGHT,CTTAGGTTGCAGGAGCTTGCTG,CTCTCATTGTGTCCATCAGCCC,2
MG214988.1|GII.4,Amp_152,2043,2532,gii4noro_7_LEFT,gii4noro_7_RIGHT,CCGAGCATCAGGGTTACTCCAT,TGTGGCTTGGACCAGAGATTCT,1
MG214988.1|GII.4,Amp_153,2382,2891,gii4noro_8_LEFT,gii4noro_8_RIGHT,CCTACACCACCTAAGATGCGCT,TGCGTTGTTTCCTTGTTGGTCT,2
MG214988.1|GII.4,Amp_154,2728,3236,gii4noro_9_LEFT,gii4noro_9_RIGHT,AGAGAAGAAAGGAATGGTAAGTACTCCA,CCGTCACATCGGTTCTGATTGG,1
MG214988.1|GII.4,Amp_155,3084,3549,gii4noro_10_LEFT,gii4noro_10_RIGHT,GGTCTCCCCCAGTCTGTTTATAAC,CTTCCCTGGGTGGCACATATGA,2
MG214988.1|GII.4,Amp_156,3394,3918,gii4noro_11_LEFT,gii4noro_11_RIGHT,ACAGGATCCAACGCCAAGAGTA,GTTTTGTCAAGGGATGCGCAAG,1
MG214988.1|GII.4,Amp_157,3763,4249,gii4noro_12_LEFT,gii4noro_12_RIGHT,GACCAGCTGAAGCCATTCACAG,GGGGCCATCCTCATTCATGTTC,2
MG214988.1|GII.4,Amp_158,4098,4548,gii4noro_13_LEFT,gii4noro_13_RIGHT,TGGTAAGGTCAAGAAGAGGCTTCT,TCCGTGACTTCAGAGAGTGCAC,1
MG214988.1|GII.4,Amp_159,4392,4887,gii4noro_14_LEFT,gii4noro_14_RIGHT,AGTTGCAGAAGACCTCCTCTCC,TGTATGGGTCTCTGGGAGTGTG,2
MG214988.1|GII.4,Amp_160,4735,5224,gii4noro_15_LEFT,gii4noro_15_RIGHT,ACATTCCTCCGGAGAACTGTGA,ACATTTTGTTGGCCCGCTACAG,1
MG214988.1|GII.4,Amp_161,5078,5562,gii4noro_16_LEFT,gii4noro_16_RIGHT,TTGTGAATGAAGATGGCGTCGA,CGGGTAAGGGAATCAACACAGG,2
MG214988.1|GII.4,Amp_162,5382,5931,gii4noro_17_LEFT,gii4noro_17_RIGHT,CAGGTGGTTTTGAAGTGCAGGT,TGTTGACAGGAGACAGTTGGGT,1
MG214988.1|GII.4,Amp_163,5768,6244,gii4noro_18_LEFT,gii4noro_18_RIGHT,GTCCCAGTTTTGACTGTTGAGGA,CCAACTGGGGTGAACTTTGTGT,2
MG214988.1|GII.4,Amp_164,6089,6603,gii4noro_19_LEFT,gii4noro_19_RIGHT,CAAACCACAAGGACAGATGGCT,AATCATGTTGGCCAGTGTGAGC,1
MG214988.1|GII.4,Amp_165,6452,6979,gii4noro_20_LEFT,gii4noro_20_RIGHT,TGGGTGCAGTACTTCTACCAGG,GAACCCACCCTCTAGGAGCATT,2
MG214988.1|GII.4,Amp_166,6832,7316,gii4noro_21_LEFT,gii4noro_21_RIGHT,CAAGCATCCTTCCAATTTAGCAGC,GATCCTCAACCCAGCTCCTAGT,1
MG214988.1|GII.4,Amp_167,7018,7493,gii4noro_22_LEFT,gii4noro_22_RIGHT,ATGACAAAAGCCTTGGACTGGAG,GCTTACGAATGTGAGCGAAGAGC,2
KY424344.1|GII.6,Amp_168,3,484,gii6noro_1_LEFT,gii6noro_1_RIGHT,TTGGCAGCCAAAACTCTGTCAA,ATGGGTGTGAGCTCTATCGTCG,1
KY424344.1|GII.6,Amp_169,349,866,gii6noro_2_LEFT,gii6noro_2_RIGHT,GCTTCCTGGCACAATACTGGAG,TATACCCGCAAACGTCCAGTCA,2
KY424344.1|GII.6,Amp_170,730,1260,gii6noro_3_LEFT,gii6noro_3_RIGHT,CAAAAAGGTGGCCAACGCAATT,TGTCCTTGAGGAGGGTTGTGAG,1
KY424344.1|GII.6,Amp_171,1129,1646,gii6noro_4_LEFT,gii6noro_4_RIGHT,ACTGGTTATGAAGTGGTTCTTTCCAA,GGCATCTTTGACAGGGTTTCCC,2
KY424344.1|GII.6,Amp_172,1501,1969,gii6noro_5_LEFT,gii6noro_5_RIGHT,GGCTAAGAGTATCGCCAACACC,GGGGTGTTGCCATTCTTGTCAA,1
KY424344.1|GII.6,Amp_173,1849,2347,gii6noro_6_LEFT,gii6noro_6_RIGHT,GGTTAAGAGAGATTTCCCCGGC,ACTTCGTTTGCAGTCTGGGATG,2
KY424344.1|GII.6,Amp_174,2210,2664,gii6noro_7_LEFT,gii6noro_7_RIGHT,GTTGCACTGAGGGATGTGAAGT,ACTCCTCATCACTCAGGCCTTT,1
KY424344.1|GII.6,Amp_175,2526,2991,gii6noro_8_LEFT,gii6noro_8_RIGHT,CCGAAAAGGAAGTGACCCAAGG,GGGGAGCCTCGAAATCAAGTCT,2
KY424344.1|GII.6,Amp_176,2864,3355,gii6noro_9_LEFT,gii6noro_9_RIGHT,CTTGGTTTGGTCACTGGCTCAG,CCTGTGAGGAGCATTCCCATCT,1
KY424344.1|GII.6,Amp_177,3219,3718,gii6noro_10_LEFT,gii6noro_10_RIGHT,AAGGCACTGTCTGCTCCATACT,CTCATGACTTGCTGCAGGGATG,2
KY424344.1|GII.6,Amp_178,3584,4096,gii6noro_11_LEFT,gii6noro_11_RIGHT,CCCAAACTTAGCACGAAGACCA,CCAAGATCCGACCCCCATAAGA,1
KY424344.1|GII.6,Amp_179,3973,4497,gii6noro_12_LEFT,gii6noro_12_RIGHT,CATGTACGAGCAGGCCAAACAT,CTTCTGCCATTGCACTCAAGGT,2
KY424344.1|GII.6,Amp_180,4341,4822,gii6noro_13_LEFT,gii6noro_13_RIGHT,CACAAGTGGTTGCAGAGGACCT,GGGACCATGCTCTCATATGGGT,1
KY424344.1|GII.6,Amp_181,4667,5179,gii6noro_14_LEFT,gii6noro_14_RIGHT,ATAACTGAAGATCTCACCGGCCT,TATTTTGTTGGCCGACGACAGG,2
KY424344.1|GII.6,Amp_182,5054,5524,gii6noro_15_LEFT,gii6noro_15_RIGHT,GAATGACGCTGCTCCATCGAAT,TTATGTCAGGGAGGGGCAAAAG,1
KY424344.1|GII.6,Amp_183,5388,5902,gii6noro_16_LEFT,gii6noro_16_RIGHT,GGTAAAATCATCTTTGCCGCCG,TGCCCCTGAAGGAGCAAATTTG,2
KY424344.1|GII.6,Amp_184,5774,6296,gii6noro_17_LEFT,gii6noro_17_RIGHT,AGACATGTTGTACACTGACCCCA,AGGTGACCAGAATATTCGGGCA,1
KY424344.1|GII.6,Amp_185,6162,6683,gii6noro_18_LEFT,gii6noro_18_RIGHT,CCAAAGCTTGGCTCTGTGTTGA,TATTGAACTCTTCTGCGCCCCT,2
KY424344.1|GII.6,Amp_186,6556,7042,gii6noro_19_LEFT,gii6noro_19_RIGHT,TGGCAAATTCTGGAAACAACCCT,AACTGGCCCGAATAACTGGTTG,1
KY424344.1|GII.6,Amp_187,6865,7391,gii6noro_20_LEFT,gii6noro_20_RIGHT,ACAGCTCCAGCAGGAAATGATG,AGTCCAGGAGTCCAAAACAGCT,2
KP407451.1|GI,Amp_188,16,387,noro_GI_1_10_1_LEFT,noro_GI_1_10_1_RIGHT,TCGAAAGACGTCGTTGCGACTA,AAACCGCCAGCATCAAACCATT,1
KP407451.1|GI,Amp_189,286,662,noro_GI_1_10_2_LEFT,noro_GI_1_10_2_RIGHT,AGGCCCATGGACCAGAATGTTA,CACCAACTGTCTTTCCTTGCCC,2
KP407451.1|GI,Amp_190,564,952,noro_GI_1_10_3_LEFT,noro_GI_1_10_3_RIGHT,ACCAGCTAGTGAACCCACCATT,CTGCTGAAATTCAGGGGTCTGT,1
KP407451.1|GI,Amp_191,855,1215,noro_GI_1_10_4_LEFT,noro_GI_1_10_4_RIGHT,TCTTGAGGACACATGGTTGCAG,AGGTCTTCTGGTCCCTGGAGAT,2
KP407451.1|GI,Amp_192,1118,1487,noro_GI_1_10_5_LEFT,noro_GI_1_10_5_RIGHT,TTCTTGAGCTCTTTGGCGTATTCT,GCTTGTCTCTCACCAGTTGTGT,1
KP407451.1|GI,Amp_193,1379,1809,noro_GI_1_10_6_LEFT,noro_GI_1_10_6_RIGHT,TCTTTGGTGGGGATCAGACTGA,TAGCCATCCCAGTGGTCAACAG,2
KP407451.1|GI,Amp_194,1699,2118,noro_GI_1_10_7_LEFT,noro_GI_1_10_7_RIGHT,GGGAAGACTAAAGCAGCGGAAC,CAATCTTTCAGTGCCGACGTGT,1
KP407451.1|GI,Amp_195,2021,2402,noro_GI_1_10_8_LEFT,noro_GI_1_10_8_RIGHT,TGTGCAGACGGGTTGACTTTCT,CACCGCGCAGTTTCTTACCTAG,2
KP407451.1|GI,Amp_196,2297,2703,noro_GI_1_10_9_LEFT,noro_GI_1_10_9_RIGHT,TGTATGATTTTGATGATGACAGGGTGT,CCAAACATTCTTTTCACGGCCC,1
KP407451.1|GI,Amp_197,2541,2920,noro_GI_1_10_10_LEFT,noro_GI_1_10_10_RIGHT,TCAACAACAGCAGTCAGTGTGC,GCGCCCTTTCTTGTTCTTACCT,2
KP407451.1|GI,Amp_198,2821,3198,noro_GI_1_10_11_LEFT,noro_GI_1_10_11_RIGHT,GGACTATGTGAGACTGAGGAGGA,CCCGTGACTAATCCCAATTGGC,1
KP407451.1|GI,Amp_199,3101,3468,noro_GI_1_10_12_LEFT,noro_GI_1_10_12_RIGHT,GCGAAACCGAAATGGAAATCCG,GTGAATTCTCCGGCCCTATGGA,2
KP407451.1|GI,Amp_200,3357,3762,noro_GI_1_10_13_LEFT,noro_GI_1_10_13_RIGHT,GGTCAGCCCCACAGTCTTCATA,CAGACCACCCAGTCATTTGCTC,1
KP407451.1|GI,Amp_201,3652,4034,noro_GI_1_10_14_LEFT,noro_GI_1_10_14_RIGHT,TCTGGTATGTTGCTCACTGGGG,CCCGTAATACCTGTTGGAGCGA,2
KP407451.1|GI,Amp_202,3931,4350,noro_GI_1_10_15_LEFT,noro_GI_1_10_15_RIGHT,TCATCCCCTGAACCATTACCCC,ACTAATTCATCCTTAAGCGCCGC,1
KP407451.1|GI,Amp_203,4238,4598,noro_GI_1_10_16_LEFT,noro_GI_1_10_16_RIGHT,GCACCGCCTTCATTAGAGAGTT,GCCTGTTTTGTGTTGAGTCCCA,2
KP407451.1|GI,Amp_204,4491,4922,noro_GI_1_10_17_LEFT,noro_GI_1_10_17_RIGHT,TGGGATGAATTCAATCGAGGATGG,CCTGTGTCAATTTTGCTGGGTC,1
KP407451.1|GI,Amp_205,4816,5191,noro_GI_1_10_18_LEFT,noro_GI_1_10_18_RIGHT,GGCCTGTCACCAGATGTTATTCA,ATGCAATGAAGCCTCACCTAACA,2
KP407451.1|GI,Amp_206,5079,5510,noro_GI_1_10_19_LEFT,noro_GI_1_10_19_RIGHT,ACAGATCTATTGGACCAGAGGGC,AATCATGTTAACTTGCCCAGCCG,1
KP407451.1|GI,Amp_207,5365,5793,noro_GI_1_10_20_LEFT,noro_GI_1_10_20_RIGHT,GTCTAAGGACGCTCCAACATCC,GTGGGAAGAGAGTTGCTTGAGC,2
KP407451.1|GI,Amp_208,5698,6108,noro_GI_1_10_21_LEFT,noro_GI_1_10_21_RIGHT,CAACGCCTTCACAGCTGGAAAG,TAGGCACAGGGACACGAGAATT,1
KP407451.1|GI,Amp_209,6012,6390,noro_GI_1_10_22_LEFT,noro_GI_1_10_22_RIGHT,TTCTTGTTCCCCCTTCCGTTGA,ATGGGTCCCGATCTTGAGTCTG,2
KP407451.1|GI,Amp_210,6282,6716,noro_GI_1_10_23_LEFT,noro_GI_1_10_23_RIGHT,GTACACCCTTCATCCCCCTTGA,GTGGGTGATGAACTCCTGAGGT,1
KP407451.1|GI,Amp_211,6584,6995,noro_GI_1_10_24_LEFT,noro_GI_1_10_24_RIGHT,CATCTTGCTCCTGCTGTGTTCC,CGATGACAGCTTGGGCCATTAT,2
KP407451.1|GI,Amp_212,6877,7277,noro_GI_1_10_25_LEFT,noro_GI_1_10_25_RIGHT,TGGAGTCTTTGTCTTTGTTTCATGGG,TCCAGTCCACTATACGGGTGAC,1
KP407451.1|GI,Amp_213,7182,7595,noro_GI_1_10_26_LEFT,noro_GI_1_10_26_RIGHT,CACTAGGTATGCTCTTCTGCGG,TTGCGAACAGAGGCAATCTATCTG,2
KP407451.1|GI,Amp_214,7296,7656,noro_GI_1_10_27_LEFT,noro_GI_1_10_27_RIGHT,GCCTACCTCAAGCACCACTACA,ATTAAAACCAAATCTGAATATGGTGCCCA,1
KF429774.1|GI.1,Amp_215,16,395,noro_GI_11_20_1_LEFT,noro_GI_11_20_1_RIGHT,AAAGACGTCGTTCCTACTGCTG,GTGTACTTGGACCTAAGCCACC,1
KF429774.1|GI.1,Amp_216,300,708,noro_GI_11_20_2_LEFT,noro_GI_11_20_2_RIGHT,TAAGACGTGGGATGAGCTTGAC,ATGGGCTGTATGGTGATCCTCG,2
KF429774.1|GI.1,Amp_217,599,981,noro_GI_11_20_3_LEFT,noro_GI_11_20_3_RIGHT,ATGAAGGGCACATCTATCATTATGCT,AGCACTGCATCCCTAACCATCT,1
KF429774.1|GI.1,Amp_218,880,1241,noro_GI_11_20_4_LEFT,noro_GI_11_20_4_RIGHT,ATCTCCTCTGGCCGGTTTTACC,CCCCCAATACTATTGGCACGAG,2
KF429774.1|GI.1,Amp_219,1135,1560,noro_GI_11_20_5_LEFT,noro_GI_11_20_5_RIGHT,TGGAACCCACCTGATGTTTCCA,GGGTCGGCATTCCTGACAGATA,1
KF429774.1|GI.1,Amp_220,1450,1841,noro_GI_11_20_6_LEFT,noro_GI_11_20_6_RIGHT,ACATCAGTGACTCAGCTCGTGA,TTCCATAGTCGTCCCACAGCAT,2
KF429774.1|GI.1,Amp_221,1737,2132,noro_GI_11_20_7_LEFT,noro_GI_11_20_7_RIGHT,TGAGATACGGCCTGGTGGTAAG,GTGAGAAATCGGGCTTGAAGCA,1
KF429774.1|GI.1,Amp_222,2025,2391,noro_GI_11_20_8_LEFT,noro_GI_11_20_8_RIGHT,GGTGGACTTCCTTGTGTATTGCAC,CGTAGCTTTTTGCCTAGGGAGG,2
KF429774.1|GI.1,Amp_223,2282,2699,noro_GI_11_20_9_LEFT,noro_GI_11_20_9_RIGHT,AGGGGCCTACGTATGACTTTGA,TACCAAACATACGCTTGACCGC,1
KF429774.1|GI.1,Amp_224,2596,2973,noro_GI_11_20_10_LEFT,noro_GI_11_20_10_RIGHT,GCTGTGGCATACGCTTCATGTT,TCTTCATCACTCAGACCACGGC,2
KF429774.1|GI.1,Amp_225,2860,3258,noro_GI_11_20_11_LEFT,noro_GI_11_20_11_RIGHT,ATGGTACCAAGTGATGCCGTCC,TCTGCCCATTCATTCTTTGGCG,1
KF429774.1|GI.1,Amp_226,3154,3584,noro_GI_11_20_12_LEFT,noro_GI_11_20_12_RIGHT,AAACACCAACAAGAGCAACGGC,GTAGTTCACCCGAATCCCGTTT,2
KF429774.1|GI.1,Amp_227,3487,3867,noro_GI_11_20_13_LEFT,noro_GI_11_20_13_RIGHT,AAAATGCGCCCTGACTTGACAG,GCATAATGCCCCTTGTCTCCAC,1
KF429774.1|GI.1,Amp_228,3746,4115,noro_GI_11_20_14_LEFT,noro_GI_11_20_14_RIGHT,ATGACTGGGTTGTGTGTGGAGT,ATGTTACAGTCTCAACCGCAGC,2
KF429774.1|GI.1,Amp_229,4007,4400,noro_GI_11_20_15_LEFT,noro_GI_11_20_15_RIGHT,GCCCATCCCTACAACAGGTACT,CGCCCCATAGTAGACGCTTCTT,1
KF429774.1|GI.1,Amp_230,4289,4655,noro_GI_11_20_16_LEFT,noro_GI_11_20_16_RIGHT,TGTATGAGAATGCTAAACATATGAAACCCA,CCAATTCTGGTGAGGCCGTAAG,2
KF429774.1|GI.1,Amp_231,4556,4974,noro_GI_11_20_17_LEFT,noro_GI_11_20_17_RIGHT,TTGATGCAGATTATACAGCATGGGA,GGTCCTTCTGTTTTGTCAGGCC,1
KF429774.1|GI.1,Amp_232,4863,5276,noro_GI_11_20_18_LEFT,noro_GI_11_20_18_RIGHT,TGGTGATGATGAGATTGTGTCAACTG,GCCATCCTGGGACATACATTTCC,2
KF429774.1|GI.1,Amp_233,5175,5586,noro_GI_11_20_19_LEFT,noro_GI_11_20_19_RIGHT,GGAAGCTTCACTCCATGGTGAG,CACCGGGGGTATTATTTGGGGA,1
KF429774.1|GI.1,Amp_234,5482,5899,noro_GI_11_20_20_LEFT,noro_GI_11_20_20_RIGHT,CGCGACTGCTGGACAAGTTAAT,AGGCGCATGGTTTGTTGATTTC,2
KF429774.1|GI.1,Amp_235,5800,6161,noro_GI_11_20_21_LEFT,noro_GI_11_20_21_RIGHT,TGCTGATGTTAGGACTCTAGACCC,CCGACCATTTTGGAACTGCACA,1
KF429774.1|GI.1,Amp_236,6048,6424,noro_GI_11_20_22_LEFT,noro_GI_11_20_22_RIGHT,CACTCCCAAATCTGCCATTGAGT,CCAAGATGGGGGACAAAAGTGT,2
KF429774.1|GI.1,Amp_237,6320,6748,noro_GI_11_20_23_LEFT,noro_GI_11_20_23_RIGHT,CTCGGTGGTTGTGATTGGCATA,TCAGGGTCAACATAGTGGAGCA,1
KF429774.1|GI.1,Amp_238,6651,7052,noro_GI_11_20_24_LEFT,noro_GI_11_20_24_RIGHT,TGCCCTGTCTATTACCACAAGAGT,GATACCTTTGGCTTTGGAGGGC,2
KF429774.1|GI.1,Amp_239,6949,7309,noro_GI_11_20_25_LEFT,noro_GI_11_20_25_RIGHT,GCCCAAGCCATAATTGGTGCAA,CATGAAGCCACCGGATCTCAAT,1
KF429774.1|GI.1,Amp_240,7193,7570,noro_GI_11_20_26_LEFT,noro_GI_11_20_26_RIGHT,CTGATGCAGCAAGATCTGTGGC,TGCGAATAATGGCAACCTGTCTG,2
KF039730.1|GI.1,Amp_241,18,453,noro_GI_21_30_1_LEFT,noro_GI_21_30_1_RIGHT,GACGTCGTTCCTACTGCTGCTA,CCACTTTACCTGGTGGCCTTCA,1
KF039730.1|GI.1,Amp_242,335,733,noro_GI_21_30_2_LEFT,noro_GI_21_30_2_RIGHT,ACAGATACTTGATGGACACGCTG,CATAACAGACTCGCCACCAAGC,2
KF039730.1|GI.1,Amp_243,628,1051,noro_GI_21_30_3_LEFT,noro_GI_21_30_3_RIGHT,ACATAGGTCAAGGCAAGACGGT,GCACGTTCAAGGGTTTGAGCTT,1
KF039730.1|GI.1,Amp_244,949,1340,noro_GI_21_30_4_LEFT,noro_GI_21_30_4_RIGHT,GCAAGTTAGAGATGGTTAGGGATGC,CCATATTGACCGAGCTGGGTTG,2
KF039730.1|GI.1,Amp_245,1210,1642,noro_GI_21_30_5_LEFT,noro_GI_21_30_5_RIGHT,CCAGGGATCTCGTGCCAATAGT,TCATTTCAGCTTGAGCCTTGGC,1
KF039730.1|GI.1,Amp_246,1547,1917,noro_GI_21_30_6_LEFT,noro_GI_21_30_6_RIGHT,GAATGCCGACCCACACGTAGTA,TCGGTCACAATTGAGTGTTAGGG,2
KF039730.1|GI.1,Amp_247,1819,2213,noro_GI_21_30_7_LEFT,noro_GI_21_30_7_RIGHT,TGCTGTGGGACGACTATGGAAT,GTGGGCTTCATCACACCCTTAC,1
KF039730.1|GI.1,Amp_248,2102,2537,noro_GI_21_30_8_LEFT,noro_GI_21_30_8_RIGHT,GAAAGACTGCTTCAAGCCCGAT,GGGGTCAAAGCTTGCTTGTCTT,2
KF039730.1|GI.1,Amp_249,2407,2796,noro_GI_21_30_9_LEFT,noro_GI_21_30_9_RIGHT,AAGGATTAAAGAATGCTCTATCAGGCT,ATCATGACCTATGGGCCCCTTT,1
KF039730.1|GI.1,Amp_250,2700,3062,noro_GI_21_30_10_LEFT,noro_GI_21_30_10_RIGHT,CGTACAGCAGCCATGGCATTAG,TCTTCCTCATATCGTTGGCGGT,2
KF039730.1|GI.1,Amp_251,2950,3337,noro_GI_21_30_11_LEFT,noro_GI_21_30_11_RIGHT,GCCGTGGTCTGAGTGATGAAGA,CAAACTTTGTGACTCGGCTCCA,1
KF039730.1|GI.1,Amp_252,3236,3660,noro_GI_21_30_12_LEFT,noro_GI_21_30_12_RIGHT,GCCAAAGAGTGAATGGGCAGAT,CATCCCTGATTGGCCATGGACA,2
KF039730.1|GI.1,Amp_253,3562,3981,noro_GI_21_30_13_LEFT,noro_GI_21_30_13_RIGHT,AACGGGATTCGGGTGAACTACT,CCCCAGGTATGCTGGCTCATAT,1
KF039730.1|GI.1,Amp_254,3877,4245,noro_GI_21_30_14_LEFT,noro_GI_21_30_14_RIGHT,TTGTGAGGTATGGAAGTGGCCC,GGTGGTGCCATTCCAATCATCA,2
KF039730.1|GI.1,Amp_255,4117,4529,noro_GI_21_30_15_LEFT,noro_GI_21_30_15_RIGHT,TGTTAGAACAGACAATGGATACCCCA,GCATAGATGAGGGGGCCATCTT,1
KF039730.1|GI.1,Amp_256,4431,4810,noro_GI_21_30_16_LEFT,noro_GI_21_30_16_RIGHT,GCTTTTGGCCCATTTTGTGACG,CCTCAGACAGTGCACAGAGAGT,2
KF039730.1|GI.1,Amp_257,4709,5095,noro_GI_21_30_17_LEFT,noro_GI_21_30_17_RIGHT,TGTCATCAGGGTCAAAGAGGGG,GGGTCCAGAAGATTTGGCGTTC,1
KF039730.1|GI.1,Amp_258,4993,5365,noro_GI_21_30_18_LEFT,noro_GI_21_30_18_RIGHT,TGGATGGACTGGTCTTCTTGCG,CGCCATCATCATTTACGAATTCGG,2
KF039730.1|GI.1,Amp_259,5236,5597,noro_GI_21_30_19_LEFT,noro_GI_21_30_19_RIGHT,TCAAGACTGGTGGATTGGAAATGT,CAAACAAAACATCACCGGGGGTA,1
KF039730.1|GI.1,Amp_260,5483,5843,noro_GI_21_30_20_LEFT,noro_GI_21_30_20_RIGHT,CGACTGCTGGACAAGTTAATCCT,CTTCCAAAGGCACCTCAATGGG,2
KF039730.1|GI.1,Amp_261,5732,6161,noro_GI_21_30_21_LEFT,noro_GI_21_30_21_RIGHT,GCATACCCCCTGGTTTTGGTTC,ACCGACCATTTTGGAACTGCAC,1
KF039730.1|GI.1,Amp_262,6048,6449,noro_GI_21_30_22_LEFT,noro_GI_21_30_22_RIGHT,ACTCCCAAATCTGCCATTGAGTT,TGCCAATGCCATTTGCCTGAAT,2
KF039730.1|GI.1,Amp_263,6347,6709,noro_GI_21_30_23_LEFT,noro_GI_21_30_23_RIGHT,TGACACAGTTTGGCCATTCTAGC,AGTAGGGGCTTGTTCACTAGCA,1
KF039730.1|GI.1,Amp_264,6610,6975,noro_GI_21_30_24_LEFT,noro_GI_21_30_24_RIGHT,TTTTTCATGTCAAAAATGCCAGGTCC,AGCAATTGCACCAATTATGGCTTG,2
KF039730.1|GI.1,Amp_265,6869,7299,noro_GI_21_30_25_LEFT,noro_GI_21_30_25_RIGHT,GGGTGTCCAGATTTTATCAATTAAAGCC,ACCGGATCTCAATGTGGTAGCA,1
KF039730.1|GI.1,Amp_266,7204,7569,noro_GI_21_30_26_LEFT,noro_GI_21_30_26_RIGHT,GATCTGTGGCAGGAGTTCCAGT,TGCGAATAATGGCAACCTGTCT,2
KJ196292.1|GI.3,Amp_267,15,393,noro_GI_31_40_1_LEFT,noro_GI_31_40_1_RIGHT,GTCTAACGACGCTATTGCCGTT,CCAGCGTCGAAGAGCTTTTCAT,1
KJ196292.1|GI.3,Amp_268,286,716,noro_GI_31_40_2_LEFT,noro_GI_31_40_2_RIGHT,GATGCCGAACCAGAACATCAGG,TTCTTGGTATGGAGAAAGCCGC,2
KJ196292.1|GI.3,Amp_269,604,969,noro_GI_31_40_3_LEFT,noro_GI_31_40_3_RIGHT,GGGGACATGATAGAGTTCTATGAAGG,TGGTGAAAATCTGGGGTGTCCT,1
KJ196292.1|GI.3,Amp_270,865,1284,noro_GI_31_40_4_LEFT,noro_GI_31_40_4_RIGHT,GTGATGGCACTTGACGACACAT,CCAATAGCCAAGCCTATGCCAC,2
KJ196292.1|GI.3,Amp_271,1180,1600,noro_GI_31_40_5_LEFT,noro_GI_31_40_5_RIGHT,AGTTTCATTGCCTCACTACTACCTGA,TGAGGTCACTATGTGTGGGTCG,1
KJ196292.1|GI.3,Amp_272,1497,1923,noro_GI_31_40_6_LEFT,noro_GI_31_40_6_RIGHT,AGATAAGAAATTGGCCAGAACTTACATG,AGGGGTGCAGTGTCATCTATGG,2
KJ196292.1|GI.3,Amp_273,1802,2220,noro_GI_31_40_7_LEFT,noro_GI_31_40_7_RIGHT,AATCCATAGACCACTGGGACGG,TTTCCAAATGGTGTGTTGCCCT,1
KJ196292.1|GI.3,Amp_274,2110,2541,noro_GI_31_40_8_LEFT,noro_GI_31_40_8_RIGHT,GGTGATGCCAATGCCATTAAGGA,TCCTTGATTGTGACAGCACTACC,2
KJ196292.1|GI.3,Amp_275,2439,2850,noro_GI_31_40_9_LEFT,noro_GI_31_40_9_RIGHT,GCGCAATGCATTGGTAGGCTAT,TCACAAAGGCCATAGCGTTCAA,1
KJ196292.1|GI.3,Amp_276,2751,3158,noro_GI_31_40_10_LEFT,noro_GI_31_40_10_RIGHT,CAAGCACAAAGAGCACAACTGC,AGAAAACCCGATGGCGAATCTC,2
KJ196292.1|GI.3,Amp_277,3061,3429,noro_GI_31_40_11_LEFT,noro_GI_31_40_11_RIGHT,GATCGCCAACGCTATGAGGAAG,GGTGGTATGACATGGGTTGTGG,1
KJ196292.1|GI.3,Amp_278,3318,3699,noro_GI_31_40_12_LEFT,noro_GI_31_40_12_RIGHT,TAGTTTTGAAGCCCCTCCCTCA,CCGGTGAGCAACATTCCTGATT,2
KJ196292.1|GI.3,Amp_279,3586,4017,noro_GI_31_40_13_LEFT,noro_GI_31_40_13_RIGHT,ATCAAGAGAGACTCTGGCGAGC,CCACCAAGGTAAGCTGGCTCAT,1
KJ196292.1|GI.3,Amp_280,3908,4287,noro_GI_31_40_14_LEFT,noro_GI_31_40_14_RIGHT,CGATACTAAGGTATGGGAATGGCC,CTCACAAATGAGTTCCCATTCCAGT,2
KJ196292.1|GI.3,Amp_281,4180,4544,noro_GI_31_40_15_LEFT,noro_GI_31_40_15_RIGHT,GCATGGAGCTACAGTGATGCTT,CCTCTATGGCATTCATACCCACCT,1
KJ196292.1|GI.3,Amp_282,4396,4797,noro_GI_31_40_16_LEFT,noro_GI_31_40_16_RIGHT,GTGTACACAAAAATCAAAAAGAGACTGCT,ACCTGTGAAGTGCATGGAAAGC,2
KJ196292.1|GI.3,Amp_283,4697,5085,noro_GI_31_40_17_LEFT,noro_GI_31_40_17_RIGHT,TGGCACAGGATTTACTCTCCCC,CCCTGGTATCCAATGGCATCCT,1
KJ196292.1|GI.3,Amp_284,4985,5385,noro_GI_31_40_18_LEFT,noro_GI_31_40_18_RIGHT,GACCTGACAAAACTGATGGCCC,ACATAATCGGGCAGGAGATCGC,2
KJ196292.1|GI.3,Amp_285,5290,5709,noro_GI_31_40_19_LEFT,noro_GI_31_40_19_RIGHT,ATCTACATTCCTGGTTGGCAGG,TCATATTGCCAACCCAGCCATT,1
KJ196292.1|GI.3,Amp_286,5596,6001,noro_GI_31_40_20_LEFT,noro_GI_31_40_20_RIGHT,ATCGCCTAACAACACACCAGGT,CCAGCAATCACAAAGGGGTCAG,2
KJ196292.1|GI.3,Amp_287,5905,6265,noro_GI_31_40_21_LEFT,noro_GI_31_40_21_RIGHT,TGACAACACACCAACCATGAGG,CCCCTGATTTTACACAGCTGGC,1
KJ196292.1|GI.3,Amp_288,6163,6575,noro_GI_31_40_22_LEFT,noro_GI_31_40_22_RIGHT,CCATGGGCAGATGGTTCAGTTT,TTTGTGTCCATCACTGACGGGT,2
KJ196292.1|GI.3,Amp_289,6474,6889,noro_GI_31_40_23_LEFT,noro_GI_31_40_23_RIGHT,ACCTTGGTACCATACAGGCAGA,TTAGGCACACACGTCATGAAGC,1
KJ196292.1|GI.3,Amp_290,6763,7125,noro_GI_31_40_24_LEFT,noro_GI_31_40_24_RIGHT,TTTTGTCAATGAACAGGCCCCT,CTTTGGTGTTGTAGGGCAGCTT,2
KJ196292.1|GI.3,Amp_291,6995,7395,noro_GI_31_40_25_LEFT,noro_GI_31_40_25_RIGHT,GCTCGTAGGCTTGGGATTAGGA,GGTACGGTCATGAAACCACCAG,1
KJ196292.1|GI.3,Amp_292,7300,7668,noro_GI_31_40_26_LEFT,noro_GI_31_40_26_RIGHT,CCCGCAACTCGTGTCATTGATT,TTACCCCTGTTCGCGAATAAGG,2
